-- --------------------------------------------------------
-- Servidor:                     localhost
-- Versão do servidor:           5.7.22 - MySQL Community Server (GPL)
-- OS do Servidor:               Linux
-- HeidiSQL Versão:              11.3.0.6295
-- --------------------------------------------------------

/*!40101 SET @OLD_CHARACTER_SET_CLIENT=@@CHARACTER_SET_CLIENT */;
/*!40101 SET NAMES utf8 */;
/*!50503 SET NAMES utf8mb4 */;
/*!40014 SET @OLD_FOREIGN_KEY_CHECKS=@@FOREIGN_KEY_CHECKS, FOREIGN_KEY_CHECKS=0 */;
/*!40101 SET @OLD_SQL_MODE=@@SQL_MODE, SQL_MODE='NO_AUTO_VALUE_ON_ZERO' */;
/*!40111 SET @OLD_SQL_NOTES=@@SQL_NOTES, SQL_NOTES=0 */;


-- Copiando estrutura do banco de dados para api-doeobem
CREATE DATABASE IF NOT EXISTS `api-doeobem` /*!40100 DEFAULT CHARACTER SET utf8 */;
USE `api-doeobem`;

-- Copiando estrutura para tabela api-doeobem.comments
CREATE TABLE IF NOT EXISTS `comments` (
  `id` int(11) unsigned NOT NULL AUTO_INCREMENT,
  `post_id` int(11) unsigned NOT NULL,
  `user_id` int(11) unsigned NOT NULL,
  `comment` text COLLATE utf8mb4_unicode_ci NOT NULL,
  `created_at` timestamp NULL DEFAULT NULL,
  `updated_at` timestamp NULL DEFAULT NULL,
  `deleted_at` timestamp NULL DEFAULT NULL,
  PRIMARY KEY (`id`) USING BTREE,
  KEY `post_id` (`post_id`) USING BTREE,
  KEY `user_id` (`user_id`) USING BTREE,
  CONSTRAINT `comments_ibfk_1` FOREIGN KEY (`post_id`) REFERENCES `posts` (`id`) ON DELETE CASCADE ON UPDATE CASCADE,
  CONSTRAINT `comments_ibfk_2` FOREIGN KEY (`user_id`) REFERENCES `users` (`id`) ON DELETE CASCADE ON UPDATE CASCADE
) ENGINE=InnoDB AUTO_INCREMENT=92 DEFAULT CHARSET=utf8mb4 COLLATE=utf8mb4_unicode_ci;

-- Copiando dados para a tabela api-doeobem.comments: ~75 rows (aproximadamente)
/*!40000 ALTER TABLE `comments` DISABLE KEYS */;
INSERT INTO `comments` (`id`, `post_id`, `user_id`, `comment`, `created_at`, `updated_at`, `deleted_at`) VALUES
	(1, 1, 5, 'Demais! ❤', '2025-11-24 23:09:58', '2025-11-24 23:09:58', NULL),
	(2, 4, 5, 'Top !', '2025-11-24 23:10:06', '2025-11-24 23:10:06', NULL),
	(3, 1, 6, 'Lindo!', '2025-11-24 23:10:31', '2025-11-24 23:10:31', NULL),
	(4, 8, 233, 'Olha eu aí!', '2025-11-24 23:10:56', '2025-12-09 11:25:41', '2025-12-09 11:25:41'),
	(5, 5, 233, 'Qaul é ?', '2025-11-24 23:11:21', '2025-11-25 02:11:23', '2025-11-25 02:11:23'),
	(6, 5, 233, 'Qual é ?', '2025-11-24 23:11:27', '2025-11-24 23:11:27', NULL),
	(7, 4, 3, 'Amei!', '2025-11-24 23:12:30', '2025-11-24 23:12:30', NULL),
	(8, 1, 3, 'Show!', '2025-11-24 23:12:40', '2025-11-24 23:12:40', NULL),
	(9, 6, 233, 'teste', '2025-12-01 01:05:51', '2025-12-01 04:06:15', '2025-12-01 04:06:15'),
	(10, 6, 233, '2', '2025-12-01 01:05:54', '2025-12-01 04:06:15', '2025-12-01 04:06:15'),
	(11, 6, 233, '3', '2025-12-01 01:05:57', '2025-12-01 04:06:14', '2025-12-01 04:06:14'),
	(12, 6, 233, '4', '2025-12-01 01:06:00', '2025-12-01 04:06:13', '2025-12-01 04:06:13'),
	(13, 6, 233, '5', '2025-12-01 01:06:05', '2025-12-01 04:06:16', '2025-12-01 04:06:16'),
	(14, 6, 233, '6', '2025-12-01 01:06:08', '2025-12-01 04:06:17', '2025-12-01 04:06:17'),
	(21, 5, 233, 'teste', '2025-12-01 23:06:04', '2025-12-02 02:06:06', '2025-12-02 02:06:06'),
	(22, 57, 6, 'Linda mandala :) 🖤', '2025-12-02 20:27:40', '2025-12-02 20:27:40', NULL),
	(23, 57, 233, ':)', '2025-12-02 20:29:01', '2025-12-02 20:29:01', NULL),
	(24, 6, 233, 'Massa !', '2025-12-02 20:35:16', '2026-01-24 22:18:34', '2026-01-24 22:18:34'),
	(26, 12, 233, 'oi', '2025-12-07 13:22:40', '2025-12-07 13:22:40', NULL),
	(27, 4, 233, '3', '2025-12-08 00:59:38', '2025-12-08 03:59:56', '2025-12-08 03:59:56'),
	(28, 4, 233, '4', '2025-12-08 00:59:41', '2025-12-08 03:59:54', '2025-12-08 03:59:54'),
	(29, 4, 233, '5', '2025-12-08 00:59:47', '2025-12-08 03:59:54', '2025-12-08 03:59:54'),
	(30, 4, 233, '6', '2025-12-08 00:59:50', '2025-12-08 03:59:53', '2025-12-08 03:59:53'),
	(31, 4, 233, 'Massa!', '2025-12-08 01:00:04', '2025-12-08 01:00:04', NULL),
	(32, 10, 6, 'Bora ver ?', '2025-12-09 06:18:05', '2025-12-09 09:18:12', '2025-12-09 09:18:12'),
	(33, 110, 5, 'Gostei :)', '2025-12-09 06:21:11', '2025-12-09 06:21:11', NULL),
	(34, 111, 233, 'Psycho!', '2025-12-09 06:24:02', '2025-12-09 06:24:02', NULL),
	(35, 110, 233, 'Linda!', '2025-12-09 06:24:14', '2025-12-09 06:24:14', NULL),
	(36, 115, 233, 'Gostei !', '2025-12-09 08:19:32', '2025-12-09 08:19:32', NULL),
	(37, 117, 233, '543w', '2025-12-16 19:45:51', '2025-12-16 22:45:53', '2025-12-16 22:45:53'),
	(38, 175, 233, '1', '2025-12-25 09:54:25', '2025-12-25 12:55:13', '2025-12-25 12:55:13'),
	(39, 175, 233, '2', '2025-12-25 09:54:27', '2025-12-25 12:55:12', '2025-12-25 12:55:12'),
	(40, 175, 233, '3', '2025-12-25 09:54:41', '2025-12-25 12:55:11', '2025-12-25 12:55:11'),
	(41, 175, 233, '4', '2025-12-25 09:54:48', '2025-12-25 12:55:10', '2025-12-25 12:55:10'),
	(42, 175, 233, '5', '2025-12-25 09:54:54', '2025-12-25 12:55:10', '2025-12-25 12:55:10'),
	(43, 175, 233, '6', '2025-12-25 09:54:59', '2025-12-25 12:55:09', '2025-12-25 12:55:09'),
	(44, 174, 233, ':)', '2025-12-25 09:55:22', '2025-12-25 09:55:22', NULL),
	(45, 177, 233, 'Linda !', '2025-12-25 10:02:14', '2026-01-29 02:06:38', '2026-01-29 02:06:38'),
	(46, 5, 233, 'teste', '2026-01-19 20:29:37', '2026-01-19 23:29:40', '2026-01-19 23:29:40'),
	(47, 184, 233, 'Massa!', '2026-01-19 20:31:14', '2026-01-19 20:31:14', NULL),
	(48, 6, 233, 'teste', '2026-01-20 17:27:59', '2026-01-20 20:28:02', '2026-01-20 20:28:02'),
	(49, 185, 233, 'teste', '2026-01-20 17:32:15', '2026-01-20 17:32:15', NULL),
	(50, 6, 233, 'teste', '2026-01-21 04:33:49', '2026-01-21 07:33:51', '2026-01-21 07:33:51'),
	(51, 6, 2, '2', '2026-01-24 19:17:16', '2026-01-24 22:18:33', '2026-01-24 22:18:33'),
	(52, 6, 2, '3', '2026-01-24 19:17:24', '2026-01-24 22:18:30', '2026-01-24 22:18:30'),
	(53, 6, 2, '4', '2026-01-24 19:17:28', '2026-01-24 22:18:32', '2026-01-24 22:18:32'),
	(54, 6, 2, '5', '2026-01-24 19:17:31', '2026-01-24 22:18:27', '2026-01-24 22:18:27'),
	(55, 6, 2, '6', '2026-01-24 19:17:35', '2026-01-24 22:18:26', '2026-01-24 22:18:26'),
	(56, 6, 2, 'massa!', '2026-01-24 19:18:40', '2026-01-24 22:18:44', '2026-01-24 22:18:44'),
	(57, 177, 233, '3', '2026-01-28 22:08:19', '2026-01-29 01:09:45', '2026-01-29 01:09:45'),
	(58, 177, 233, '3', '2026-01-28 22:08:22', '2026-01-29 01:09:44', '2026-01-29 01:09:44'),
	(59, 177, 233, '4', '2026-01-28 22:08:25', '2026-01-29 01:09:44', '2026-01-29 01:09:44'),
	(60, 177, 233, '5', '2026-01-28 22:08:30', '2026-01-29 01:09:42', '2026-01-29 01:09:42'),
	(61, 177, 233, '6', '2026-01-28 22:08:33', '2026-01-29 01:09:43', '2026-01-29 01:09:43'),
	(62, 178, 233, '1', '2026-01-28 22:12:17', '2026-01-29 01:21:12', '2026-01-29 01:21:12'),
	(63, 178, 233, '1', '2026-01-28 22:20:28', '2026-01-29 01:21:13', '2026-01-29 01:21:13'),
	(64, 178, 233, '3', '2026-01-28 22:20:31', '2026-01-29 01:21:14', '2026-01-29 01:21:14'),
	(65, 178, 233, '4', '2026-01-28 22:20:33', '2026-01-29 01:21:14', '2026-01-29 01:21:14'),
	(66, 178, 233, '5', '2026-01-28 22:20:35', '2026-01-29 01:21:15', '2026-01-29 01:21:15'),
	(67, 178, 233, '6', '2026-01-28 22:20:38', '2026-01-29 01:21:28', '2026-01-29 01:21:28'),
	(68, 177, 233, 'teste 2', '2026-01-28 22:25:00', '2026-01-29 02:06:37', '2026-01-29 02:06:37'),
	(69, 177, 233, 'teste 3', '2026-01-28 22:25:04', '2026-01-29 02:06:37', '2026-01-29 02:06:37'),
	(70, 177, 233, 'teste 4', '2026-01-28 22:25:08', '2026-01-29 02:06:36', '2026-01-29 02:06:36'),
	(71, 177, 233, 'teste 5', '2026-01-28 22:25:13', '2026-01-29 02:06:34', '2026-01-29 02:06:34'),
	(72, 177, 233, 'teste 6', '2026-01-28 22:25:17', '2026-01-29 02:06:33', '2026-01-29 02:06:33'),
	(73, 177, 233, 'Linda !', '2026-01-28 23:07:15', '2026-01-28 23:07:15', NULL),
	(74, 178, 6, 'Top !', '2026-01-29 07:21:28', '2026-01-29 07:21:28', NULL),
	(75, 10, 6, 'Quero ver haha', '2026-01-29 07:21:38', '2026-01-29 07:21:38', NULL),
	(76, 178, 233, 'Massa', '2026-01-29 07:21:56', '2026-01-29 07:21:56', NULL),
	(77, 10, 233, 'boraaa', '2026-01-29 07:22:09', '2026-01-29 07:22:09', NULL),
	(78, 178, 233, 'www.hedreiandrade.com.br', '2026-01-30 12:32:00', '2026-01-30 15:32:06', '2026-01-30 15:32:06'),
	(79, 213, 233, 'www.globo.com.br', '2026-01-30 13:05:52', '2026-01-30 16:06:01', '2026-01-30 16:06:01'),
	(80, 10, 233, 'teste', '2026-01-31 17:51:51', '2026-02-10 23:16:55', '2026-02-10 23:16:55'),
	(81, 213, 6, 'Gostei do design 🖤', '2026-02-05 16:30:40', '2026-02-05 16:30:40', NULL),
	(82, 221, 233, 'Linda!', '2026-02-05 16:31:29', '2026-02-05 16:31:29', NULL),
	(83, 213, 233, 'Que bom !', '2026-02-05 16:31:41', '2026-02-05 16:31:41', NULL),
	(84, 10, 233, 'teste', '2026-02-10 20:08:08', '2026-02-10 23:08:12', '2026-02-10 23:08:12'),
	(85, 228, 233, 'Linda !', '2026-02-10 20:16:46', '2026-02-10 20:16:46', NULL),
	(86, 230, 233, 'fszfs', '2026-02-10 20:33:28', '2026-02-10 23:33:35', '2026-02-10 23:33:35'),
	(87, 230, 233, 'fszfs', '2026-02-10 20:33:32', '2026-02-10 23:33:34', '2026-02-10 23:33:34'),
	(88, 230, 233, 'teste', '2026-02-10 20:33:52', '2026-02-10 23:33:58', '2026-02-10 23:33:58'),
	(89, 230, 233, 'teste', '2026-02-10 20:33:56', '2026-02-10 23:33:57', '2026-02-10 23:33:57'),
	(90, 228, 233, 'teste', '2026-02-13 22:59:41', '2026-02-14 01:59:45', '2026-02-14 01:59:45'),
	(91, 228, 233, 'www.hedreiandrade.com.br', '2026-02-24 16:07:03', '2026-02-24 19:07:08', '2026-02-24 19:07:08');
/*!40000 ALTER TABLE `comments` ENABLE KEYS */;

-- Copiando estrutura para tabela api-doeobem.followers
CREATE TABLE IF NOT EXISTS `followers` (
  `id` int(11) unsigned NOT NULL AUTO_INCREMENT,
  `user_id` int(11) unsigned NOT NULL,
  `follower_id` int(11) unsigned NOT NULL,
  `created_at` timestamp NULL DEFAULT NULL,
  `updated_at` timestamp NULL DEFAULT NULL,
  `deleted_at` timestamp NULL DEFAULT NULL,
  PRIMARY KEY (`id`),
  KEY `idx_user_id` (`user_id`),
  KEY `idx_follower_id` (`follower_id`),
  CONSTRAINT `fk_followers_follower` FOREIGN KEY (`follower_id`) REFERENCES `users` (`id`) ON DELETE CASCADE ON UPDATE CASCADE,
  CONSTRAINT `fk_followers_user` FOREIGN KEY (`user_id`) REFERENCES `users` (`id`) ON DELETE CASCADE ON UPDATE CASCADE
) ENGINE=InnoDB AUTO_INCREMENT=41 DEFAULT CHARSET=utf8;

-- Copiando dados para a tabela api-doeobem.followers: ~39 rows (aproximadamente)
/*!40000 ALTER TABLE `followers` DISABLE KEYS */;
INSERT INTO `followers` (`id`, `user_id`, `follower_id`, `created_at`, `updated_at`, `deleted_at`) VALUES
	(1, 233, 2, '2025-11-25 01:49:39', '2025-11-25 01:49:39', NULL),
	(2, 233, 3, '2025-11-25 01:49:59', '2025-11-25 01:49:59', NULL),
	(3, 2, 3, '2025-11-25 01:50:07', '2025-11-25 01:50:07', NULL),
	(4, 4, 3, '2025-11-25 01:50:40', '2025-11-25 01:50:40', NULL),
	(5, 233, 4, '2025-11-25 01:51:15', '2025-11-25 01:51:15', NULL),
	(6, 2, 4, '2025-11-25 01:51:23', '2025-11-25 01:51:23', NULL),
	(7, 3, 4, '2025-11-25 01:51:29', '2025-11-25 01:51:29', NULL),
	(8, 2, 5, '2025-11-25 01:51:55', '2025-11-25 01:51:55', NULL),
	(9, 233, 5, '2025-11-25 01:52:02', '2025-11-25 01:52:02', NULL),
	(10, 3, 5, '2025-11-25 01:52:08', '2025-11-25 01:52:08', NULL),
	(11, 233, 6, '2025-11-25 01:52:27', '2025-11-25 01:52:27', NULL),
	(12, 2, 233, '2025-11-25 01:52:51', '2025-12-02 23:36:08', '2025-12-02 23:36:08'),
	(13, 3, 233, '2025-11-25 01:52:55', '2025-12-02 23:29:55', '2025-12-02 23:29:55'),
	(14, 6, 233, '2025-11-25 01:53:02', '2025-12-09 11:20:27', '2025-12-09 11:20:27'),
	(15, 5, 233, '2025-11-25 01:53:09', '2025-11-25 01:53:09', NULL),
	(16, 3, 2, '2025-11-25 02:08:51', '2025-11-25 02:08:51', NULL),
	(17, 233, 7, '2025-11-25 02:30:18', '2025-11-25 02:30:18', NULL),
	(18, 3, 233, '2025-12-02 23:29:57', '2025-12-02 23:29:57', NULL),
	(19, 2, 233, '2025-12-02 23:36:10', '2025-12-25 12:58:47', '2025-12-25 12:58:47'),
	(20, 7, 233, '2025-12-07 15:20:09', '2025-12-07 15:20:09', NULL),
	(21, 6, 7, '2025-12-07 20:22:32', '2025-12-07 20:22:32', NULL),
	(22, 2, 7, '2025-12-07 20:22:54', '2025-12-07 20:22:54', NULL),
	(23, 6, 5, '2025-12-09 09:20:57', '2025-12-09 09:20:57', NULL),
	(24, 6, 233, '2025-12-09 11:20:28', '2025-12-09 11:20:28', NULL),
	(25, 2, 233, '2025-12-25 12:58:48', '2025-12-25 12:58:48', NULL),
	(26, 5, 2, '2026-02-08 07:39:52', '2026-02-08 07:39:52', NULL),
	(27, 7, 2, '2026-02-08 07:40:22', '2026-02-08 07:40:28', '2026-02-08 07:40:28'),
	(28, 7, 2, '2026-02-08 07:40:29', '2026-02-08 07:40:29', NULL),
	(29, 20, 2, '2026-02-08 07:43:32', '2026-02-08 07:43:32', NULL),
	(30, 21, 2, '2026-02-08 07:43:42', '2026-02-08 07:43:42', NULL),
	(31, 22, 2, '2026-02-08 07:43:49', '2026-02-08 07:43:49', NULL),
	(32, 23, 2, '2026-02-08 07:43:56', '2026-02-08 07:43:56', NULL),
	(33, 24, 2, '2026-02-08 07:44:02', '2026-02-08 07:44:02', NULL),
	(34, 25, 2, '2026-02-08 07:44:17', '2026-02-08 07:44:17', NULL),
	(35, 2, 20, '2026-02-08 07:45:34', '2026-02-08 07:45:34', NULL),
	(36, 2, 21, '2026-02-08 07:45:34', '2026-02-08 07:45:34', NULL),
	(37, 2, 22, '2026-02-08 07:45:34', '2026-02-08 07:45:34', NULL),
	(38, 2, 23, '2026-02-08 04:47:26', NULL, NULL),
	(39, 2, 24, '2026-02-08 04:47:27', NULL, NULL),
	(40, 2, 25, '2026-02-08 04:47:28', NULL, NULL);
/*!40000 ALTER TABLE `followers` ENABLE KEYS */;

-- Copiando estrutura para tabela api-doeobem.likes
CREATE TABLE IF NOT EXISTS `likes` (
  `id` int(11) unsigned NOT NULL AUTO_INCREMENT,
  `post_id` int(11) unsigned NOT NULL,
  `user_id` int(11) unsigned NOT NULL,
  `created_at` timestamp NULL DEFAULT NULL,
  `updated_at` timestamp NULL DEFAULT NULL,
  `deleted_at` timestamp NULL DEFAULT NULL,
  KEY `id` (`id`),
  KEY `FK_likes_posts` (`post_id`),
  KEY `FK_likes_users` (`user_id`),
  CONSTRAINT `FK_likes_posts` FOREIGN KEY (`post_id`) REFERENCES `posts` (`id`) ON DELETE NO ACTION ON UPDATE NO ACTION,
  CONSTRAINT `FK_likes_users` FOREIGN KEY (`user_id`) REFERENCES `users` (`id`) ON DELETE NO ACTION ON UPDATE NO ACTION
) ENGINE=InnoDB AUTO_INCREMENT=66 DEFAULT CHARSET=utf8;

-- Copiando dados para a tabela api-doeobem.likes: ~53 rows (aproximadamente)
/*!40000 ALTER TABLE `likes` DISABLE KEYS */;
INSERT INTO `likes` (`id`, `post_id`, `user_id`, `created_at`, `updated_at`, `deleted_at`) VALUES
	(1, 1, 233, '2025-11-24 22:58:28', '2025-11-24 22:58:29', '2025-11-24 22:58:29'),
	(2, 9, 5, '2025-11-25 02:09:38', '2025-11-25 02:09:38', NULL),
	(3, 8, 5, '2025-11-25 02:09:40', '2025-11-25 02:09:40', NULL),
	(4, 6, 5, '2025-11-25 02:09:41', '2025-11-25 02:09:41', NULL),
	(5, 5, 5, '2025-11-25 02:09:42', '2025-11-25 02:09:42', NULL),
	(6, 4, 5, '2025-11-25 02:09:43', '2025-11-25 02:09:43', NULL),
	(7, 1, 5, '2025-11-25 02:09:44', '2025-11-25 02:09:44', NULL),
	(8, 1, 6, '2025-11-25 02:10:24', '2025-11-25 02:10:24', NULL),
	(9, 9, 233, '2025-11-25 02:10:45', '2025-12-07 20:23:59', '2025-12-07 20:23:59'),
	(10, 8, 233, '2025-11-25 02:10:50', '2025-12-09 11:25:35', '2025-12-09 11:25:35'),
	(11, 4, 233, '2025-11-25 02:11:04', '2025-11-29 00:11:03', '2025-11-29 00:11:03'),
	(12, 1, 233, '2025-11-25 02:11:07', '2025-11-25 02:11:08', '2025-11-25 02:11:08'),
	(13, 5, 233, '2025-11-25 02:11:16', '2025-12-02 23:35:07', '2025-12-02 23:35:07'),
	(14, 9, 3, '2025-11-25 02:12:21', '2025-11-25 02:12:21', NULL),
	(15, 8, 3, '2025-11-25 02:12:21', '2025-11-25 02:12:21', NULL),
	(16, 6, 3, '2025-11-25 02:12:22', '2025-11-25 02:12:22', NULL),
	(17, 5, 3, '2025-11-25 02:12:24', '2025-11-25 02:12:24', NULL),
	(18, 4, 3, '2025-11-25 02:12:25', '2025-11-25 02:12:25', NULL),
	(19, 1, 3, '2025-11-25 02:12:42', '2025-11-25 02:12:42', NULL),
	(21, 12, 233, '2025-11-25 02:40:18', '2025-12-02 01:12:24', '2025-12-02 01:12:24'),
	(22, 4, 233, '2025-11-29 00:12:00', '2025-11-29 00:12:00', NULL),
	(23, 6, 233, '2025-12-01 04:05:46', '2025-12-01 04:05:48', '2025-12-01 04:05:48'),
	(25, 12, 233, '2025-12-02 02:06:24', '2025-12-09 09:21:52', '2025-12-09 09:21:52'),
	(26, 57, 6, '2025-12-02 23:27:23', '2025-12-02 23:27:23', NULL),
	(27, 6, 233, '2025-12-02 23:29:16', '2026-01-20 20:27:48', '2026-01-20 20:27:48'),
	(28, 5, 233, '2025-12-02 23:35:09', '2026-01-16 18:55:08', '2026-01-16 18:55:08'),
	(30, 9, 233, '2025-12-07 20:24:00', '2026-02-10 23:08:02', '2026-02-10 23:08:02'),
	(36, 10, 6, '2025-12-09 09:17:58', '2025-12-09 09:17:58', NULL),
	(37, 57, 5, '2025-12-09 09:20:40', '2025-12-09 09:20:40', NULL),
	(38, 10, 5, '2025-12-09 09:20:42', '2025-12-09 09:20:42', NULL),
	(39, 110, 5, '2025-12-09 09:21:00', '2025-12-09 09:21:00', NULL),
	(40, 111, 233, '2025-12-09 09:23:55', '2025-12-09 09:23:55', NULL),
	(41, 110, 233, '2025-12-09 09:24:09', '2025-12-09 09:24:09', NULL),
	(42, 115, 233, '2025-12-09 10:55:01', '2025-12-09 10:55:01', NULL),
	(43, 12, 233, '2025-12-09 11:19:39', '2025-12-09 11:19:39', NULL),
	(44, 8, 233, '2025-12-09 11:25:37', '2025-12-09 11:25:37', NULL),
	(45, 117, 233, '2025-12-16 22:45:46', '2025-12-16 22:45:47', '2025-12-16 22:45:47'),
	(46, 10, 233, '2025-12-16 22:49:04', '2025-12-16 22:49:05', '2025-12-16 22:49:05'),
	(47, 132, 233, '2025-12-16 23:04:44', '2025-12-16 23:04:45', '2025-12-16 23:04:45'),
	(48, 141, 6, '2025-12-16 23:22:56', '2025-12-16 23:22:56', NULL),
	(49, 141, 7, '2025-12-16 23:23:14', '2025-12-16 23:23:14', NULL),
	(50, 174, 233, '2025-12-25 12:53:26', '2025-12-25 12:53:26', NULL),
	(51, 177, 233, '2025-12-25 13:01:41', '2025-12-25 13:01:41', NULL),
	(52, 180, 233, '2025-12-27 13:28:37', '2025-12-27 13:28:37', NULL),
	(53, 181, 233, '2026-01-16 18:54:51', '2026-01-16 18:54:55', '2026-01-16 18:54:55'),
	(54, 185, 233, '2026-01-16 19:05:47', '2026-01-20 20:32:05', '2026-01-20 20:32:05'),
	(55, 184, 233, '2026-01-16 19:09:28', '2026-01-19 23:30:43', '2026-01-19 23:30:43'),
	(56, 5, 233, '2026-01-19 23:29:30', '2026-01-19 23:29:30', NULL),
	(57, 184, 233, '2026-01-19 23:31:06', '2026-01-19 23:32:52', '2026-01-19 23:32:52'),
	(58, 184, 233, '2026-01-19 23:33:08', '2026-01-19 23:33:08', NULL),
	(59, 6, 233, '2026-01-20 20:27:50', '2026-01-20 20:27:50', NULL),
	(60, 185, 233, '2026-01-20 20:32:09', '2026-01-20 20:32:09', NULL),
	(61, 195, 233, '2026-01-21 07:35:02', '2026-01-21 07:35:02', NULL),
	(62, 213, 6, '2026-02-05 19:30:09', '2026-02-05 19:30:09', NULL),
	(63, 221, 233, '2026-02-05 19:31:24', '2026-02-05 19:31:24', NULL),
	(64, 9, 233, '2026-02-10 23:08:03', '2026-02-10 23:08:03', NULL),
	(65, 228, 233, '2026-02-10 23:16:41', '2026-02-10 23:16:41', NULL);
/*!40000 ALTER TABLE `likes` ENABLE KEYS */;

-- Copiando estrutura para tabela api-doeobem.posts
CREATE TABLE IF NOT EXISTS `posts` (
  `id` int(11) unsigned NOT NULL AUTO_INCREMENT,
  `description` text COLLATE utf8mb4_unicode_ci,
  `media_link` varchar(255) COLLATE utf8mb4_unicode_ci DEFAULT NULL,
  `created_at` timestamp NULL DEFAULT NULL,
  `updated_at` timestamp NULL DEFAULT NULL,
  `deleted_at` timestamp NULL DEFAULT NULL,
  `is_repost` tinyint(1) DEFAULT '0',
  `original_post_id` int(10) unsigned DEFAULT NULL,
  `original_user_id` int(10) unsigned DEFAULT NULL,
  PRIMARY KEY (`id`),
  KEY `fk_posts_original_post` (`original_post_id`),
  KEY `fk_posts_original_user` (`original_user_id`),
  CONSTRAINT `fk_posts_original_post` FOREIGN KEY (`original_post_id`) REFERENCES `posts` (`id`) ON DELETE SET NULL ON UPDATE CASCADE,
  CONSTRAINT `fk_posts_original_user` FOREIGN KEY (`original_user_id`) REFERENCES `users` (`id`) ON DELETE SET NULL ON UPDATE CASCADE
) ENGINE=InnoDB AUTO_INCREMENT=238 DEFAULT CHARSET=utf8mb4 COLLATE=utf8mb4_unicode_ci;

-- Copiando dados para a tabela api-doeobem.posts: ~183 rows (aproximadamente)
/*!40000 ALTER TABLE `posts` DISABLE KEYS */;
INSERT INTO `posts` (`id`, `description`, `media_link`, `created_at`, `updated_at`, `deleted_at`, `is_repost`, `original_post_id`, `original_user_id`) VALUES
	(1, 'Meu video psycho', 'https://hmediaha.s3.us-west-2.amazonaws.com/imagesVideos/posts/d41d8cd98f00b204e9800998ecf8427e_hedreiandrade/media_6924e2f1909f67.26412208.mp4', '2025-11-24 19:57:57', '2025-12-02 23:33:44', '2025-12-02 23:33:44', 0, NULL, NULL),
	(2, 'teste', 'http://localhost:8015/public/imagesVideos/media/media_6924e85b1aaac5.47538364.mp4', '2025-11-24 20:20:59', '2025-11-24 23:21:17', '2025-11-24 23:21:17', 0, NULL, NULL),
	(3, 'teste ', 'https://hmediaha.s3.us-west-2.amazonaws.com/imagesVideos/posts/d41d8cd98f00b204e9800998ecf8427e_hedreiandrade/media_6924f6d590be04.81222102.mp4', '2025-11-24 21:22:59', '2025-11-25 00:23:13', '2025-11-25 00:23:13', 0, NULL, NULL),
	(4, 'Olha que video massa !', 'https://hmediaha.s3.us-west-2.amazonaws.com/imagesVideos/posts/d41d8cd98f00b204e9800998ecf8427e_calebe/media_69250c633ce117.48206824.mp4', '2025-11-24 22:54:59', '2025-12-24 22:42:19', '2025-12-24 22:42:19', 0, NULL, NULL),
	(5, 'Ouvindo minha música favorita :)', '', '2025-11-24 22:55:32', '2026-01-21 07:31:22', '2026-01-21 07:31:22', 0, NULL, NULL),
	(6, 'Assistindo Star Wars !! ❤', '', '2025-11-24 23:05:49', '2026-01-24 22:24:57', '2026-01-24 22:24:57', 0, NULL, NULL),
	(7, 'Mais um video legal !', 'https://hmediaha.s3.us-west-2.amazonaws.com/imagesVideos/posts/d41d8cd98f00b204e9800998ecf8427e_calebe/media_69250f31aa9833.08086824.mp4', '2025-11-24 23:06:55', '2025-11-25 02:07:17', '2025-11-25 02:07:17', 0, NULL, NULL),
	(8, 'Mais um video legal !', 'https://hmediaha.s3.us-west-2.amazonaws.com/imagesVideos/posts/d41d8cd98f00b204e9800998ecf8427e_calebe/media_69250f6691ed56.10054038.mp4', '2025-11-24 23:07:45', '2025-12-12 01:19:12', '2025-12-12 01:19:12', 0, NULL, NULL),
	(9, 'Bom dia pessoal !!', '', '2025-11-24 23:08:11', '2025-11-24 23:08:11', NULL, 0, NULL, NULL),
	(10, 'Hoje tem jogo do Palmeiras ✔', '', '2025-11-24 23:13:37', '2025-11-24 23:13:37', NULL, 0, NULL, NULL),
	(11, 'teste', '', '2025-11-24 23:21:44', '2025-11-25 02:21:53', '2025-11-25 02:21:53', 0, NULL, NULL),
	(12, 'Qual a boa pro final de semana ? 👏🎶✌❤', '', '2025-11-24 23:36:10', '2025-11-24 23:36:10', NULL, 0, NULL, NULL),
	(14, 'teste', '', '2025-11-25 00:41:30', '2025-11-25 03:41:45', '2025-11-25 03:41:45', 0, NULL, NULL),
	(15, 'teste', '', '2025-11-25 00:44:46', '2025-11-25 03:44:52', '2025-11-25 03:44:52', 0, NULL, NULL),
	(16, 'teste', '', '2025-11-25 00:44:57', '2025-11-25 03:45:20', '2025-11-25 03:45:20', 0, NULL, NULL),
	(17, 'teste', '', '2025-11-25 00:45:22', '2025-11-25 03:45:28', '2025-11-25 03:45:28', 0, NULL, NULL),
	(18, 'teste', '', '2025-11-25 01:00:12', '2025-11-25 04:01:12', '2025-11-25 04:01:12', 0, NULL, NULL),
	(19, 'teste', '', '2025-11-25 01:01:19', '2025-11-25 04:01:26', '2025-11-25 04:01:26', 0, NULL, NULL),
	(20, 'teste', '', '2025-11-25 01:02:14', '2025-11-25 04:11:04', '2025-11-25 04:11:04', 0, NULL, NULL),
	(21, 'teste', '', '2025-11-25 01:06:58', '2025-11-25 04:07:04', '2025-11-25 04:07:04', 0, NULL, NULL),
	(22, 'teste', '', '2025-11-25 01:11:07', '2025-11-25 04:11:39', '2025-11-25 04:11:39', 0, NULL, NULL),
	(23, 'aaa', '', '2025-11-25 01:11:43', '2025-11-25 04:16:07', '2025-11-25 04:16:07', 0, NULL, NULL),
	(24, 'teste', '', '2025-11-25 01:16:09', '2025-11-25 04:18:11', '2025-11-25 04:18:11', 0, NULL, NULL),
	(25, 'aaa', '', '2025-11-25 01:18:14', '2025-11-25 04:18:52', '2025-11-25 04:18:52', 0, NULL, NULL),
	(26, 'teste', '', '2025-11-25 01:18:55', '2025-11-25 04:19:02', '2025-11-25 04:19:02', 0, NULL, NULL),
	(27, 'teste', '', '2025-11-25 01:20:55', '2025-11-25 04:20:58', '2025-11-25 04:20:58', 0, NULL, NULL),
	(28, 'teste ', 'https://hmediaha.s3.us-west-2.amazonaws.com/imagesVideos/posts/d41d8cd98f00b204e9800998ecf8427e_hedreiandrade/media_69252eb6d7b414.11339649.mp4', '2025-11-25 01:21:14', '2025-11-25 04:21:31', '2025-11-25 04:21:31', 0, NULL, NULL),
	(29, 'teste', '', '2025-11-25 01:24:03', '2025-11-25 04:24:06', '2025-11-25 04:24:06', 0, NULL, NULL),
	(30, 'teste ', 'https://hmediaha.s3.us-west-2.amazonaws.com/imagesVideos/posts/d41d8cd98f00b204e9800998ecf8427e_hedreiandrade/media_69252f706a3021.10222359.mp4', '2025-11-25 01:24:28', '2025-11-25 04:24:39', '2025-11-25 04:24:39', 0, NULL, NULL),
	(31, 'teste', 'https://hmediaha.s3.us-west-2.amazonaws.com/imagesVideos/posts/d41d8cd98f00b204e9800998ecf8427e_hedreiandrade/media_69252fa8542701.14095859.mp4', '2025-11-25 01:25:16', '2025-11-25 04:25:30', '2025-11-25 04:25:30', 0, NULL, NULL),
	(32, 'teste', '', '2025-11-25 01:30:41', '2025-11-25 04:31:09', '2025-11-25 04:31:09', 0, NULL, NULL),
	(33, 'teste', '', '2025-11-25 01:31:29', '2025-11-25 04:31:32', '2025-11-25 04:31:32', 0, NULL, NULL),
	(34, 'teste', '', '2025-11-25 01:31:39', '2025-11-25 04:31:46', '2025-11-25 04:31:46', 0, NULL, NULL),
	(35, 'teste ', 'https://hmediaha.s3.us-west-2.amazonaws.com/imagesVideos/posts/d41d8cd98f00b204e9800998ecf8427e_hedreiandrade/media_692531389f7621.01495490.mp4', '2025-11-25 01:31:56', '2025-11-25 04:32:02', '2025-11-25 04:32:02', 0, NULL, NULL),
	(36, 'teste', '', '2025-11-25 01:47:50', '2025-11-25 04:47:52', '2025-11-25 04:47:52', 0, NULL, NULL),
	(37, 'teste', '', '2025-11-25 01:47:54', '2025-11-25 04:47:56', '2025-11-25 04:47:56', 0, NULL, NULL),
	(38, 'teste ', 'https://hmediaha.s3.us-west-2.amazonaws.com/imagesVideos/posts/d41d8cd98f00b204e9800998ecf8427e_hedreiandrade/media_69253502b8fd29.90024801.mp4', '2025-11-25 01:48:16', '2025-11-25 04:55:17', '2025-11-25 04:55:17', 0, NULL, NULL),
	(39, 'teste', '', '2025-11-25 01:54:35', '2025-11-25 04:54:37', '2025-11-25 04:54:37', 0, NULL, NULL),
	(40, 'teste', 'https://hmediaha.s3.us-west-2.amazonaws.com/imagesVideos/posts/d41d8cd98f00b204e9800998ecf8427e_hedreiandrade/media_69253693bdbc86.44137645.mp4', '2025-11-25 01:54:55', '2025-11-25 04:55:12', '2025-11-25 04:55:12', 0, NULL, NULL),
	(41, 'teste', 'https://hmediaha.s3.us-west-2.amazonaws.com/imagesVideos/posts/d41d8cd98f00b204e9800998ecf8427e_hedreiandrade/media_692536c790c6a6.02644872.mp4', '2025-11-25 01:55:39', '2025-11-25 04:55:48', '2025-11-25 04:55:48', 0, NULL, NULL),
	(42, 'teste', 'https://hmediaha.s3.us-west-2.amazonaws.com/imagesVideos/posts/d41d8cd98f00b204e9800998ecf8427e_hedreiandrade/media_692536de515491.04265316.jpg', '2025-11-25 01:55:59', '2025-11-25 04:56:22', '2025-11-25 04:56:22', 0, NULL, NULL),
	(43, 'teste', '', '2025-11-25 01:56:28', '2025-11-25 04:56:38', '2025-11-25 04:56:38', 0, NULL, NULL),
	(44, 'teste', '', '2025-11-25 01:56:42', '2025-11-25 04:56:44', '2025-11-25 04:56:44', 0, NULL, NULL),
	(45, 'teste', '', '2025-11-25 01:56:52', '2025-11-25 04:56:56', '2025-11-25 04:56:56', 0, NULL, NULL),
	(46, 'teste', '', '2025-11-25 01:57:18', '2025-11-25 04:58:02', '2025-11-25 04:58:02', 0, NULL, NULL),
	(47, 'teste', 'https://hmediaha.s3.us-west-2.amazonaws.com/imagesVideos/posts/d41d8cd98f00b204e9800998ecf8427e_hedreiandrade/media_6925378cdb7e85.21176941.mp4', '2025-11-25 01:58:56', '2025-11-25 04:59:04', '2025-11-25 04:59:04', 0, NULL, NULL),
	(48, 'teste', '', '2025-12-01 01:06:38', '2025-12-01 04:06:41', '2025-12-01 04:06:41', 0, NULL, NULL),
	(49, 'teste ', 'https://hmediaha.s3.us-west-2.amazonaws.com/imagesVideos/posts/d41d8cd98f00b204e9800998ecf8427e_hedreiandrade/media_692d14574ac688.04973445.jpg', '2025-12-01 01:06:50', '2025-12-01 04:06:57', '2025-12-01 04:06:57', 0, NULL, NULL),
	(50, 'teste', '', '2025-12-01 01:21:32', '2025-12-01 04:21:35', '2025-12-01 04:21:35', 0, NULL, NULL),
	(51, 'teste ', 'https://hmediaha.s3.us-west-2.amazonaws.com/imagesVideos/posts/d41d8cd98f00b204e9800998ecf8427e_hedreiandrade/media_692d17d4ac03d2.29491514.jpg', '2025-12-01 01:21:42', '2025-12-01 04:21:47', '2025-12-01 04:21:47', 0, NULL, NULL),
	(54, 'Qual a boa pro final de semana ? 👏🎶✌❤', '', '2025-12-02 01:33:41', '2025-12-02 02:06:52', '2025-12-02 02:06:52', 1, 12, 6),
	(55, 'Qual a boa pro final de semana ? 👏🎶✌❤', '', '2025-12-02 02:06:54', '2025-12-02 02:06:59', '2025-12-02 02:06:59', 1, 12, 6),
	(56, 'Meu video psycho', 'https://hmediaha.s3.us-west-2.amazonaws.com/imagesVideos/posts/d41d8cd98f00b204e9800998ecf8427e_hedreiandrade/media_6924e2f1909f67.26412208.mp4', '2025-12-02 02:07:04', '2025-12-02 02:07:22', '2025-12-02 02:07:22', 1, 1, 233),
	(57, 'Olha minha mandala by Mara Dias 🎶', 'https://hmediaha.s3.us-west-2.amazonaws.com/imagesVideos/posts/d41d8cd98f00b204e9800998ecf8427e_hedreiandrade/media_692f75882dacd8.84178374.jpg', '2025-12-02 20:26:03', '2025-12-09 10:54:56', '2025-12-09 10:54:56', 0, NULL, NULL),
	(58, 'Assistindo Star Wars !! ❤', '', '2025-12-02 23:29:26', '2025-12-02 23:30:24', '2025-12-02 23:30:24', 1, 6, 2),
	(59, 'My psycho video', 'https://hmediaha.s3.us-west-2.amazonaws.com/imagesVideos/posts/d41d8cd98f00b204e9800998ecf8427e_hedreiandrade/media_692f776c58de40.26114566.mp4', '2025-12-02 20:34:16', '2025-12-07 15:39:27', '2025-12-07 15:39:27', 0, NULL, NULL),
	(60, 'teste', '', '2025-12-02 20:35:29', '2025-12-02 23:35:31', '2025-12-02 23:35:31', 0, NULL, NULL),
	(61, 'My psycho video', 'https://hmediaha.s3.us-west-2.amazonaws.com/imagesVideos/posts/d41d8cd98f00b204e9800998ecf8427e_hedreiandrade/media_692f776c58de40.26114566.mp4', '2025-12-02 23:36:37', '2025-12-02 23:36:37', NULL, 1, 59, 233),
	(62, 'My psycho video', 'https://hmediaha.s3.us-west-2.amazonaws.com/imagesVideos/posts/d41d8cd98f00b204e9800998ecf8427e_hedreiandrade/media_692f776c58de40.26114566.mp4', '2025-12-05 17:10:39', '2025-12-05 17:10:39', NULL, 1, 61, 233),
	(63, 'Ouvindo minha música favorita :)', '', '2025-11-24 22:55:32', '2025-11-24 22:55:32', NULL, 1, 5, 2),
	(92, 'Qual a boa pro final de semana ? 👏🎶✌❤', '', '2025-12-08 01:05:41', '2025-12-09 08:43:02', '2025-12-09 08:43:02', 1, 12, 6),
	(93, 'teste ', 'https://hmediaha.s3.us-west-2.amazonaws.com/imagesVideos/posts/d41d8cd98f00b204e9800998ecf8427e_hedreiandrade/media_6936512c118ba1.01306833.mp4', '2025-12-08 01:16:55', '2025-12-08 04:17:06', '2025-12-08 04:17:06', 0, NULL, NULL),
	(97, 'Qual a boa pro final de semana ? 👏🎶✌❤', '', '2025-12-09 05:14:16', '2025-12-09 08:42:59', '2025-12-09 08:42:59', 1, 92, 6),
	(98, 'Qual a boa pro final de semana ? 👏🎶✌❤', '', '2025-12-09 05:43:09', '2025-12-09 08:43:14', '2025-12-09 08:43:14', 1, 12, 6),
	(99, 'Qual a boa pro final de semana ? 👏🎶✌❤', '', '2025-12-09 05:43:28', '2025-12-09 08:45:20', '2025-12-09 08:45:20', 1, 12, 6),
	(100, 'Hoje tem jogo do Palmeiras ✔', '', '2025-12-09 05:45:25', '2025-12-09 08:45:29', '2025-12-09 08:45:29', 1, 10, 233),
	(101, 'Qual a boa pro final de semana ? 👏🎶✌❤', '', '2025-12-09 05:45:35', '2025-12-09 08:45:45', '2025-12-09 08:45:45', 1, 12, 6),
	(102, 'Qual a boa pro final de semana ? 👏🎶✌❤', '', '2025-12-09 05:45:41', '2025-12-09 08:45:46', '2025-12-09 08:45:46', 1, 101, 233),
	(103, 'teste', '', '2025-12-09 05:45:54', '2025-12-09 08:45:56', '2025-12-09 08:45:56', 0, NULL, NULL),
	(104, 'Qual a boa pro final de semana ? 👏🎶✌❤', '', '2025-12-09 05:46:30', '2025-12-09 08:46:41', '2025-12-09 08:46:41', 1, 12, 6),
	(105, 'Olha minha mandala by Mara Dias 🎶', 'https://hmediaha.s3.us-west-2.amazonaws.com/imagesVideos/posts/d41d8cd98f00b204e9800998ecf8427e_hedreiandrade/media_692f75882dacd8.84178374.jpg', '2025-12-09 05:48:12', '2025-12-09 08:48:20', '2025-12-09 08:48:20', 1, 57, 233),
	(106, 'Qual a boa pro final de semana ? 👏🎶✌❤', '', '2025-12-09 05:48:25', '2025-12-09 08:48:47', '2025-12-09 08:48:47', 1, 12, 6),
	(107, 'Qual a boa pro final de semana ? 👏🎶✌❤', '', '2025-12-09 05:48:55', '2025-12-09 08:49:05', '2025-12-09 08:49:05', 1, 12, 6),
	(108, 'Mais um video legal !', 'https://hmediaha.s3.us-west-2.amazonaws.com/imagesVideos/posts/d41d8cd98f00b204e9800998ecf8427e_calebe/media_69250f6691ed56.10054038.mp4', '2025-12-09 05:50:24', '2025-12-09 08:50:32', '2025-12-09 08:50:32', 1, 8, 2),
	(109, 'Linda mandala by Mara Dias 🖤', 'https://hmediaha.s3.us-west-2.amazonaws.com/imagesVideos/posts/d41d8cd98f00b204e9800998ecf8427e_jeniffercora/media_6937e93f2dc383.61903976.jpg', '2025-12-09 06:17:52', '2025-12-09 09:18:42', '2025-12-09 09:18:42', 0, NULL, NULL),
	(110, 'Linda mandala by Mara Dias 🖤', 'https://hmediaha.s3.us-west-2.amazonaws.com/imagesVideos/posts/d41d8cd98f00b204e9800998ecf8427e_jeniffercora/media_6937e9c19312e0.45876027.jpg', '2025-12-09 06:20:03', '2025-12-09 10:54:10', '2025-12-09 10:54:10', 0, NULL, NULL),
	(111, 'Video massa !', 'https://hmediaha.s3.us-west-2.amazonaws.com/imagesVideos/posts/d41d8cd98f00b204e9800998ecf8427e_calebe/media_6937ea5faccd70.64969834.mp4', '2025-12-09 06:22:47', '2025-12-27 13:24:47', '2025-12-27 13:24:47', 0, NULL, NULL),
	(112, 'teste', '', '2025-12-09 06:23:49', '2025-12-09 09:23:52', '2025-12-09 09:23:52', 0, NULL, NULL),
	(113, 'Linda mandala by Mara Dias 🖤', 'https://hmediaha.s3.us-west-2.amazonaws.com/imagesVideos/posts/d41d8cd98f00b204e9800998ecf8427e_jeniffercora/media_6937e9c19312e0.45876027.jpg', '2025-12-09 06:24:21', '2025-12-09 09:24:32', '2025-12-09 09:24:32', 1, 110, 6),
	(114, 'Linda mandala by Mara Dias 🖤', 'https://hmediaha.s3.us-west-2.amazonaws.com/imagesVideos/posts/d41d8cd98f00b204e9800998ecf8427e_jeniffercora/media_6937e9c19312e0.45876027.jpg', '2025-12-09 06:28:53', '2025-12-09 10:53:38', '2025-12-09 10:53:38', 1, 110, 6),
	(115, 'Linda mandalah.', 'https://hmediaha.s3.us-west-2.amazonaws.com/imagesVideos/posts/d41d8cd98f00b204e9800998ecf8427e_jeniffercora/media_6937ffebd5e449.71157683.jpg', '2025-12-09 07:54:37', '2025-12-09 11:31:25', '2025-12-09 11:31:25', 0, NULL, NULL),
	(117, 'Video massa !', 'https://hmediaha.s3.us-west-2.amazonaws.com/imagesVideos/posts/d41d8cd98f00b204e9800998ecf8427e_hedreiandrade/media_6938052de71178.81840058.mp4', '2025-12-09 08:18:10', '2025-12-16 23:30:58', '2025-12-16 23:30:58', 0, NULL, NULL),
	(120, 'teste', '', '2025-12-09 08:25:46', '2025-12-09 11:25:49', '2025-12-09 11:25:49', 0, NULL, NULL),
	(121, 'Linda mandalah.', 'https://hmediaha.s3.us-west-2.amazonaws.com/imagesVideos/posts/d41d8cd98f00b204e9800998ecf8427e_jeniffercora/media_6937ffebd5e449.71157683.jpg', '2025-12-09 08:25:53', '2025-12-09 11:26:04', '2025-12-09 11:26:04', 1, 115, 6),
	(122, 'Linda mandala 🖤', 'https://hmediaha.s3.us-west-2.amazonaws.com/imagesVideos/posts/d41d8cd98f00b204e9800998ecf8427e_jeniffercora/media_693808a16e8a16.13001595.jpg', '2025-12-09 08:31:47', '2025-12-16 23:22:35', '2025-12-16 23:22:35', 0, NULL, NULL),
	(123, 'Linda mandala 🖤', 'https://hmediaha.s3.us-west-2.amazonaws.com/imagesVideos/posts/d41d8cd98f00b204e9800998ecf8427e_jeniffercora/media_693808a16e8a16.13001595.jpg', '2025-12-09 08:32:15', '2025-12-16 22:59:26', '2025-12-16 22:59:26', 1, 122, 6),
	(124, 'Design !', 'https://hmediaha.s3.us-west-2.amazonaws.com/imagesVideos/posts/d41d8cd98f00b204e9800998ecf8427e_hedreiandrade/media_6941dfc08f0b19.63785181.jpg', '2025-12-16 19:40:02', '2025-12-16 22:40:26', '2025-12-16 22:40:26', 0, NULL, NULL),
	(125, 'Design', 'https://hmediaha.s3.us-west-2.amazonaws.com/imagesVideos/posts/d41d8cd98f00b204e9800998ecf8427e_hedreiandrade/media_6941e033a03e10.64336434.jpg', '2025-12-16 19:41:56', '2025-12-16 22:42:07', '2025-12-16 22:42:07', 0, NULL, NULL),
	(126, 'teste', 'https://hmediaha.s3.us-west-2.amazonaws.com/imagesVideos/posts/d41d8cd98f00b204e9800998ecf8427e_hedreiandrade/media_6941e0d40a7b40.22429716.jpg', '2025-12-16 19:44:37', '2025-12-16 22:44:42', '2025-12-16 22:44:42', 0, NULL, NULL),
	(127, 'Video massa !', 'https://hmediaha.s3.us-west-2.amazonaws.com/imagesVideos/posts/d41d8cd98f00b204e9800998ecf8427e_hedreiandrade/media_6938052de71178.81840058.mp4', '2025-12-16 19:45:57', '2025-12-16 22:46:02', '2025-12-16 22:46:02', 1, 117, 233),
	(128, 'Video massa !', 'https://hmediaha.s3.us-west-2.amazonaws.com/imagesVideos/posts/d41d8cd98f00b204e9800998ecf8427e_hedreiandrade/media_6938052de71178.81840058.mp4', '2025-12-16 19:46:11', '2025-12-16 22:46:25', '2025-12-16 22:46:25', 1, 117, 233),
	(129, '', 'https://hmediaha.s3.us-west-2.amazonaws.com/imagesVideos/posts/d41d8cd98f00b204e9800998ecf8427e_hedreiandrade/media_6941e1d6debb98.33612556.jpg', '2025-12-16 19:48:56', '2025-12-16 22:49:00', '2025-12-16 22:49:00', 0, NULL, NULL),
	(130, 'Video massa !', 'https://hmediaha.s3.us-west-2.amazonaws.com/imagesVideos/posts/d41d8cd98f00b204e9800998ecf8427e_hedreiandrade/media_6938052de71178.81840058.mp4', '2025-12-16 19:58:26', '2025-12-16 22:58:44', '2025-12-16 22:58:44', 1, 117, 233),
	(131, 'Linda mandala 🖤', 'https://hmediaha.s3.us-west-2.amazonaws.com/imagesVideos/posts/d41d8cd98f00b204e9800998ecf8427e_jeniffercora/media_693808a16e8a16.13001595.jpg', '2025-12-16 19:58:57', '2025-12-16 22:59:16', '2025-12-16 22:59:16', 1, 123, 233),
	(132, 'Linda mandala 🖤', 'https://hmediaha.s3.us-west-2.amazonaws.com/imagesVideos/posts/d41d8cd98f00b204e9800998ecf8427e_jeniffercora/media_693808a16e8a16.13001595.jpg', '2025-12-16 19:59:36', '2025-12-16 23:11:03', '2025-12-16 23:11:03', 1, 122, 6),
	(133, 'Linda mandala 🖤', 'https://hmediaha.s3.us-west-2.amazonaws.com/imagesVideos/posts/d41d8cd98f00b204e9800998ecf8427e_jeniffercora/media_693808a16e8a16.13001595.jpg', '2025-12-16 19:59:43', '2025-12-16 22:59:57', '2025-12-16 22:59:57', 1, 132, 233),
	(134, 'Hoje tem jogo do Palmeiras ✔', '', '2025-12-16 20:04:53', '2025-12-16 23:04:59', '2025-12-16 23:04:59', 1, 10, 233),
	(135, 'Video massa !', 'https://hmediaha.s3.us-west-2.amazonaws.com/imagesVideos/posts/d41d8cd98f00b204e9800998ecf8427e_hedreiandrade/media_6938052de71178.81840058.mp4', '2025-12-16 20:09:06', '2025-12-16 23:09:14', '2025-12-16 23:09:14', 1, 117, 233),
	(136, 'Linda mandala 🖤', 'https://hmediaha.s3.us-west-2.amazonaws.com/imagesVideos/posts/d41d8cd98f00b204e9800998ecf8427e_jeniffercora/media_693808a16e8a16.13001595.jpg', '2025-12-16 20:09:42', '2025-12-16 23:09:53', '2025-12-16 23:09:53', 1, 132, 233),
	(137, 'Linda mandala 🖤', 'https://hmediaha.s3.us-west-2.amazonaws.com/imagesVideos/posts/d41d8cd98f00b204e9800998ecf8427e_jeniffercora/media_693808a16e8a16.13001595.jpg', '2025-12-16 20:10:01', '2025-12-16 23:22:07', '2025-12-16 23:22:07', 1, 122, 6),
	(138, 'Linda mandala 🖤', 'https://hmediaha.s3.us-west-2.amazonaws.com/imagesVideos/posts/d41d8cd98f00b204e9800998ecf8427e_jeniffercora/media_693808a16e8a16.13001595.jpg', '2025-12-16 20:11:23', '2025-12-16 23:21:36', '2025-12-16 23:21:36', 1, 122, 6),
	(139, 'Linda mandala 🖤', 'https://hmediaha.s3.us-west-2.amazonaws.com/imagesVideos/posts/d41d8cd98f00b204e9800998ecf8427e_jeniffercora/media_693808a16e8a16.13001595.jpg', '2025-12-16 20:19:18', '2025-12-16 23:19:23', '2025-12-16 23:19:23', 1, 138, 233),
	(140, 'Video massa !', 'https://hmediaha.s3.us-west-2.amazonaws.com/imagesVideos/posts/d41d8cd98f00b204e9800998ecf8427e_hedreiandrade/media_6938052de71178.81840058.mp4', '2025-12-16 20:19:30', '2025-12-16 23:19:39', '2025-12-16 23:19:39', 1, 117, 233),
	(141, 'Linda mandala !', 'https://hmediaha.s3.us-west-2.amazonaws.com/imagesVideos/posts/d41d8cd98f00b204e9800998ecf8427e_jeniffercora/media_6941e9c90ac766.48721806.jpg', '2025-12-16 20:22:51', '2025-12-25 12:52:29', '2025-12-25 12:52:29', 0, NULL, NULL),
	(142, 'Linda foto', 'https://hmediaha.s3.us-west-2.amazonaws.com/imagesVideos/posts/d41d8cd98f00b204e9800998ecf8427e_hedreiandrade/media_6941eab60d8987.34000565.jpg', '2025-12-16 20:26:48', '2025-12-16 23:27:50', '2025-12-16 23:27:50', 0, NULL, NULL),
	(143, 'Linda foto', 'https://hmediaha.s3.us-west-2.amazonaws.com/imagesVideos/posts/d41d8cd98f00b204e9800998ecf8427e_hedreiandrade/media_6941eb112fe145.48972237.jpg', '2025-12-16 20:28:19', '2025-12-16 23:28:30', '2025-12-16 23:28:30', 0, NULL, NULL),
	(144, 'Linda mandala !', 'https://hmediaha.s3.us-west-2.amazonaws.com/imagesVideos/posts/d41d8cd98f00b204e9800998ecf8427e_jeniffercora/media_6941e9c90ac766.48721806.jpg', '2025-12-16 20:28:32', '2025-12-25 12:45:33', '2025-12-25 12:45:33', 1, 141, 6),
	(145, 'Video massa !', 'https://hmediaha.s3.us-west-2.amazonaws.com/imagesVideos/posts/d41d8cd98f00b204e9800998ecf8427e_hedreiandrade/media_6938052de71178.81840058.mp4', '2025-12-16 20:28:46', '2025-12-16 23:30:49', '2025-12-16 23:30:49', 1, 117, 233),
	(146, 'Olha que video massa !', 'https://hmediaha.s3.us-west-2.amazonaws.com/imagesVideos/posts/d41d8cd98f00b204e9800998ecf8427e_calebe/media_69250c633ce117.48206824.mp4', '2025-12-24 18:20:12', '2025-12-24 22:04:58', '2025-12-24 22:04:58', 1, 4, 2),
	(147, 'teste', '', '2025-12-24 18:21:01', '2025-12-24 21:21:27', '2025-12-24 21:21:27', 0, NULL, NULL),
	(148, 'teste', '', '2025-12-24 18:21:45', '2025-12-24 21:22:03', '2025-12-24 21:22:03', 0, NULL, NULL),
	(149, 'teste', '', '2025-12-24 18:22:09', '2025-12-24 21:23:56', '2025-12-24 21:23:56', 0, NULL, NULL),
	(150, 'yrdyr', '', '2025-12-24 18:24:08', '2025-12-24 21:24:14', '2025-12-24 21:24:14', 0, NULL, NULL),
	(151, 'teste', '', '2025-12-24 18:26:27', '2025-12-24 21:51:09', '2025-12-24 21:51:09', 0, NULL, NULL),
	(152, 'teste', '', '2025-12-24 19:04:28', '2025-12-24 22:04:42', '2025-12-24 22:04:42', 0, NULL, NULL),
	(153, 'Olha que video massa !', 'https://hmediaha.s3.us-west-2.amazonaws.com/imagesVideos/posts/d41d8cd98f00b204e9800998ecf8427e_calebe/media_69250c633ce117.48206824.mp4', '2025-12-24 19:05:14', '2025-12-24 22:40:48', '2025-12-24 22:40:48', 1, 4, 2),
	(154, 'teste', '', '2025-12-24 19:31:12', '2025-12-24 22:31:34', '2025-12-24 22:31:34', 0, NULL, NULL),
	(155, 'Video show !', 'https://hmediaha.s3.us-west-2.amazonaws.com/imagesVideos/posts/d41d8cd98f00b204e9800998ecf8427e_calebe/media_694c6c46461463.30354774.mp4', '2025-12-24 19:43:49', '2025-12-25 12:37:59', '2025-12-25 12:37:59', 0, NULL, NULL),
	(156, 'Video show !', 'https://hmediaha.s3.us-west-2.amazonaws.com/imagesVideos/posts/d41d8cd98f00b204e9800998ecf8427e_calebe/media_694c6c46461463.30354774.mp4', '2025-12-24 19:44:27', '2025-12-25 12:37:22', '2025-12-25 12:37:22', 1, 155, 2),
	(157, 'teste', '', '2025-12-24 19:46:31', '2025-12-24 22:46:47', '2025-12-24 22:46:47', 0, NULL, NULL),
	(158, 'teste', '', '2025-12-25 09:33:19', '2025-12-25 12:33:41', '2025-12-25 12:33:41', 0, NULL, NULL),
	(159, 'Video show !', 'https://hmediaha.s3.us-west-2.amazonaws.com/imagesVideos/posts/d41d8cd98f00b204e9800998ecf8427e_calebe/media_694c6c46461463.30354774.mp4', '2025-12-25 09:35:35', '2025-12-25 12:35:39', '2025-12-25 12:35:39', 1, 156, 233),
	(160, 'Linda mandala !', 'https://hmediaha.s3.us-west-2.amazonaws.com/imagesVideos/posts/d41d8cd98f00b204e9800998ecf8427e_jeniffercora/media_6941e9c90ac766.48721806.jpg', '2025-12-25 09:40:44', '2025-12-25 12:43:25', '2025-12-25 12:43:25', 1, 144, 6),
	(161, 'Video massa !', 'https://hmediaha.s3.us-west-2.amazonaws.com/imagesVideos/posts/d41d8cd98f00b204e9800998ecf8427e_calebe/media_6937ea5faccd70.64969834.mp4', '2025-12-25 09:40:53', '2025-12-25 12:43:14', '2025-12-25 12:43:14', 1, 111, NULL),
	(162, 'Linda mandala !', 'https://hmediaha.s3.us-west-2.amazonaws.com/imagesVideos/posts/d41d8cd98f00b204e9800998ecf8427e_jeniffercora/media_6941e9c90ac766.48721806.jpg', '2025-12-25 09:43:29', '2025-12-25 12:44:02', '2025-12-25 12:44:02', 1, 144, 6),
	(163, 'Linda mandala !', 'https://hmediaha.s3.us-west-2.amazonaws.com/imagesVideos/posts/d41d8cd98f00b204e9800998ecf8427e_jeniffercora/media_6941e9c90ac766.48721806.jpg', '2025-12-25 09:43:33', '2025-12-25 12:43:59', '2025-12-25 12:43:59', 1, 162, 6),
	(164, 'Video massa !', 'https://hmediaha.s3.us-west-2.amazonaws.com/imagesVideos/posts/d41d8cd98f00b204e9800998ecf8427e_calebe/media_6937ea5faccd70.64969834.mp4', '2025-12-25 09:43:39', '2025-12-25 12:43:56', '2025-12-25 12:43:56', 1, 111, 2),
	(165, 'Video massa !', 'https://hmediaha.s3.us-west-2.amazonaws.com/imagesVideos/posts/d41d8cd98f00b204e9800998ecf8427e_calebe/media_6937ea5faccd70.64969834.mp4', '2025-12-25 09:43:49', '2025-12-25 12:43:54', '2025-12-25 12:43:54', 1, 164, 2),
	(166, 'Hoje tem jogo do Palmeiras ✔', '', '2025-12-25 09:46:28', '2025-12-25 12:48:35', '2025-12-25 12:48:35', 1, 10, 233),
	(167, 'Video massa !', 'https://hmediaha.s3.us-west-2.amazonaws.com/imagesVideos/posts/d41d8cd98f00b204e9800998ecf8427e_calebe/media_6937ea5faccd70.64969834.mp4', '2025-12-25 09:46:37', '2025-12-25 12:47:11', '2025-12-25 12:47:11', 1, 111, 2),
	(168, 'Video massa !', 'https://hmediaha.s3.us-west-2.amazonaws.com/imagesVideos/posts/d41d8cd98f00b204e9800998ecf8427e_calebe/media_6937ea5faccd70.64969834.mp4', '2025-12-25 09:46:56', '2025-12-25 12:47:13', '2025-12-25 12:47:13', 1, 167, 2),
	(169, 'Video massa !', 'https://hmediaha.s3.us-west-2.amazonaws.com/imagesVideos/posts/d41d8cd98f00b204e9800998ecf8427e_calebe/media_6937ea5faccd70.64969834.mp4', '2025-12-25 09:47:02', '2025-12-25 12:47:16', '2025-12-25 12:47:16', 1, 168, 2),
	(170, 'Video massa !', 'https://hmediaha.s3.us-west-2.amazonaws.com/imagesVideos/posts/d41d8cd98f00b204e9800998ecf8427e_calebe/media_6937ea5faccd70.64969834.mp4', '2025-12-25 09:50:21', '2025-12-25 12:50:47', '2025-12-25 12:50:47', 1, 111, 2),
	(171, 'Linda mandala !', 'https://hmediaha.s3.us-west-2.amazonaws.com/imagesVideos/posts/d41d8cd98f00b204e9800998ecf8427e_jeniffercora/media_6941e9c90ac766.48721806.jpg', '2025-12-25 09:50:32', '2025-12-25 12:50:45', '2025-12-25 12:50:45', 1, 141, 6),
	(172, 'Linda mandala !', 'https://hmediaha.s3.us-west-2.amazonaws.com/imagesVideos/posts/d41d8cd98f00b204e9800998ecf8427e_jeniffercora/media_6941e9c90ac766.48721806.jpg', '2025-12-25 09:50:38', '2025-12-25 12:50:43', '2025-12-25 12:50:43', 1, 171, 6),
	(173, 'Ouvindo minha música favorita :)', '', '2025-12-25 09:50:56', '2025-12-25 12:51:12', '2025-12-25 12:51:12', 1, 5, 2),
	(174, 'Linda mandala 💚', 'https://hmediaha.s3.us-west-2.amazonaws.com/imagesVideos/posts/d41d8cd98f00b204e9800998ecf8427e_jeniffercora/media_694d33b395ac17.77759322.jpg', '2025-12-25 09:53:09', '2025-12-25 13:00:31', '2025-12-25 13:00:31', 0, NULL, NULL),
	(175, 'Linda mandala 💚', 'https://hmediaha.s3.us-west-2.amazonaws.com/imagesVideos/posts/d41d8cd98f00b204e9800998ecf8427e_jeniffercora/media_694d33b395ac17.77759322.jpg', '2025-12-25 09:53:40', '2025-12-25 12:58:16', '2025-12-25 12:58:16', 1, 174, 6),
	(176, 'Video massa !', 'https://hmediaha.s3.us-west-2.amazonaws.com/imagesVideos/posts/d41d8cd98f00b204e9800998ecf8427e_calebe/media_6937ea5faccd70.64969834.mp4', '2025-12-25 09:58:02', '2025-12-25 12:58:14', '2025-12-25 12:58:14', 1, 111, 2),
	(177, 'Linda mandala 💛', 'https://hmediaha.s3.us-west-2.amazonaws.com/imagesVideos/posts/d41d8cd98f00b204e9800998ecf8427e_jeniffercora/media_694d3590133546.38560348.jpg', '2025-12-25 10:01:05', '2026-02-05 19:29:28', '2026-02-05 19:29:28', 0, NULL, NULL),
	(178, 'Linda mandala 💛', 'https://hmediaha.s3.us-west-2.amazonaws.com/imagesVideos/posts/d41d8cd98f00b204e9800998ecf8427e_jeniffercora/media_694d3590133546.38560348.jpg', '2025-12-25 10:01:44', '2026-01-31 20:49:35', '2026-01-31 20:49:35', 1, 177, 6),
	(179, 'teste', '', '2025-12-25 10:01:59', '2025-12-25 13:02:06', '2025-12-25 13:02:06', 0, NULL, NULL),
	(180, 'Que video massa 🖤', 'https://hmediaha.s3.us-west-2.amazonaws.com/imagesVideos/posts/d41d8cd98f00b204e9800998ecf8427e_calebe/media_694fde7520b3f8.85913658.mp4', '2025-12-27 10:26:55', '2026-01-16 19:01:28', '2026-01-16 19:01:28', 0, NULL, NULL),
	(181, 'Que video massa 🖤', 'https://hmediaha.s3.us-west-2.amazonaws.com/imagesVideos/posts/d41d8cd98f00b204e9800998ecf8427e_calebe/media_694fde7520b3f8.85913658.mp4', '2026-01-16 15:54:44', '2026-01-16 19:01:18', '2026-01-16 19:01:18', 1, 180, 2),
	(182, 'Que video massa 🖤', 'https://hmediaha.s3.us-west-2.amazonaws.com/imagesVideos/posts/d41d8cd98f00b204e9800998ecf8427e_calebe/media_694fde7520b3f8.85913658.mp4', '2026-01-16 15:57:09', '2026-01-16 18:57:16', '2026-01-16 18:57:16', 1, 181, 2),
	(183, 'teste', '', '2026-01-16 15:57:31', '2026-01-16 18:57:42', '2026-01-16 18:57:42', 0, NULL, NULL),
	(184, 'Que video massa 🖤', 'https://hmediaha.s3.us-west-2.amazonaws.com/imagesVideos/posts/d41d8cd98f00b204e9800998ecf8427e_calebe/media_696a8b2e22ab28.98752031.mp4', '2026-01-16 16:02:31', '2026-01-20 20:25:47', '2026-01-20 20:25:47', 0, NULL, NULL),
	(185, 'Esse portfolio é demais 💙', 'https://hmediaha.s3.us-west-2.amazonaws.com/imagesVideos/posts/d41d8cd98f00b204e9800998ecf8427e_calebe/media_696a8b6dd3bb62.82668826.mp4', '2026-01-16 16:04:26', '2026-01-21 07:30:49', '2026-01-21 07:30:49', 0, NULL, NULL),
	(186, 'teste', '', '2026-01-16 16:10:13', '2026-01-16 19:10:18', '2026-01-16 19:10:18', 0, NULL, NULL),
	(187, 'teste', '', '2026-01-19 20:29:45', '2026-01-19 23:29:49', '2026-01-19 23:29:49', 0, NULL, NULL),
	(188, 'Que video massa 🖤', 'https://hmediaha.s3.us-west-2.amazonaws.com/imagesVideos/posts/d41d8cd98f00b204e9800998ecf8427e_calebe/media_696a8b2e22ab28.98752031.mp4', '2026-01-19 20:31:31', '2026-01-19 23:32:49', '2026-01-19 23:32:49', 1, 184, 2),
	(189, 'teste', '', '2026-01-19 20:31:40', '2026-01-19 23:31:43', '2026-01-19 23:31:43', 0, NULL, NULL),
	(190, 'Que video massa 🖤', 'https://hmediaha.s3.us-west-2.amazonaws.com/imagesVideos/posts/d41d8cd98f00b204e9800998ecf8427e_calebe/media_696a8b2e22ab28.98752031.mp4', '2026-01-19 20:33:22', '2026-01-20 20:25:14', '2026-01-20 20:25:14', 1, 184, 2),
	(191, 'teste', '', '2026-01-19 20:33:30', '2026-01-19 23:33:33', '2026-01-19 23:33:33', 0, NULL, NULL),
	(193, 'teste', '', '2026-01-20 17:30:40', '2026-01-20 20:30:41', '2026-01-20 20:30:41', 0, NULL, NULL),
	(194, 'teste', '', '2026-01-21 04:30:50', '2026-01-21 07:30:52', '2026-01-21 07:30:52', 0, NULL, NULL),
	(195, 'Esse portfolio é demais 💚', 'https://hmediaha.s3.us-west-2.amazonaws.com/imagesVideos/posts/d41d8cd98f00b204e9800998ecf8427e_calebe/media_697080ec9d25b1.74774968.mp4', '2026-01-21 04:33:08', '2026-01-24 22:10:19', '2026-01-24 22:10:19', 0, NULL, NULL),
	(196, 'Esse portfolio é demais 💚', 'https://hmediaha.s3.us-west-2.amazonaws.com/imagesVideos/posts/d41d8cd98f00b204e9800998ecf8427e_calebe/media_697080ec9d25b1.74774968.mp4', '2026-01-21 04:33:58', '2026-01-24 22:11:19', '2026-01-24 22:11:19', 1, 195, 2),
	(197, 'teste', '', '2026-01-21 04:34:18', '2026-01-21 07:34:22', '2026-01-21 07:34:22', 0, NULL, NULL),
	(198, 'Teste ', '', '2026-01-24 19:11:44', '2026-01-24 22:12:15', '2026-01-24 22:12:15', 0, NULL, NULL),
	(199, 'Teste ', '', '2026-01-24 19:11:55', '2026-01-24 22:18:56', '2026-01-24 22:18:56', 1, 198, 2),
	(200, 'teste', '', '2026-01-24 19:25:02', '2026-01-24 22:27:57', '2026-01-24 22:27:57', 0, NULL, NULL),
	(201, 'teste', '', '2026-01-24 19:25:12', '2026-01-24 22:28:14', '2026-01-24 22:28:14', 1, 200, 2),
	(202, 'teste', '', '2026-01-24 19:33:40', '2026-01-24 22:34:44', '2026-01-24 22:34:44', 0, NULL, NULL),
	(203, 'teste', '', '2026-01-24 19:33:49', '2026-01-24 22:34:51', '2026-01-24 22:34:51', 1, 202, 233),
	(204, 'https://hedreiandrade.com.br www.hedreiandrade.com.br', '', '2026-01-30 12:21:04', '2026-01-30 15:21:47', '2026-01-30 15:21:47', 0, NULL, NULL),
	(205, 'https://hedreiandrade.com.br/', '', '2026-01-30 12:30:45', '2026-01-30 15:30:53', '2026-01-30 15:30:53', 0, NULL, NULL),
	(206, 'https://hedreiandrade.com.br', '', '2026-01-30 12:30:56', '2026-01-30 15:31:42', '2026-01-30 15:31:42', 0, NULL, NULL),
	(207, 'www.hedreiandrade.com.br', '', '2026-01-30 12:31:09', '2026-01-30 15:31:41', '2026-01-30 15:31:41', 0, NULL, NULL),
	(208, 'hedreiandrade.com.br', '', '2026-01-30 12:31:16', '2026-01-30 15:31:40', '2026-01-30 15:31:40', 0, NULL, NULL),
	(209, 'http://hedreiandrade.com.br/', '', '2026-01-30 12:31:32', '2026-01-30 15:31:39', '2026-01-30 15:31:39', 0, NULL, NULL),
	(210, 'https://soundcloud.com/simon-23/shpongle-around-the-world-in-a', '', '2026-01-30 12:33:59', '2026-01-30 15:34:09', '2026-01-30 15:34:09', 0, NULL, NULL),
	(211, 'https://soundcloud.com/starprojectt/live-set-by-star-project', '', '2026-01-30 12:34:43', '2026-01-30 15:39:29', '2026-01-30 15:39:29', 0, NULL, NULL),
	(212, 'teste', 'https://hmediaha.s3.us-west-2.amazonaws.com/imagesVideos/posts/d41d8cd98f00b204e9800998ecf8427e_hedreiandrade/media_697cd03fb19f57.45708944.mp4', '2026-01-30 12:37:48', '2026-01-30 15:38:05', '2026-01-30 15:38:05', 0, NULL, NULL),
	(213, 'Esse é meu portfolio : www.hedreiandrade.com.br 💙', 'https://hmediaha.s3.us-west-2.amazonaws.com/imagesVideos/posts/d41d8cd98f00b204e9800998ecf8427e_hedreiandrade/media_697cd08bb44137.41719966.mp4', '2026-01-30 12:39:01', '2026-02-14 01:53:58', '2026-02-14 01:53:58', 0, NULL, NULL),
	(214, 'Sonzera https://soundcloud.com/starprojectt/live-set-by-star-project', '', '2026-01-30 12:41:00', '2026-01-30 15:44:45', '2026-01-30 15:44:45', 0, NULL, NULL),
	(215, 'www.teste.com', '', '2026-01-30 13:04:20', '2026-01-30 16:04:30', '2026-01-30 16:04:30', 0, NULL, NULL),
	(216, 'www.cnn.com', '', '2026-01-30 13:05:32', '2026-01-30 16:05:40', '2026-01-30 16:05:40', 0, NULL, NULL),
	(217, 'www.teste.com   💙', '', '2026-01-30 13:09:03', '2026-01-30 16:09:11', '2026-01-30 16:09:11', 0, NULL, NULL),
	(218, 'www.cnn.com 🖤', '', '2026-01-30 13:11:27', '2026-01-30 16:11:33', '2026-01-30 16:11:33', 0, NULL, NULL),
	(219, 'www.hedreiandrade.com.br', '', '2026-01-30 13:11:40', '2026-01-30 16:11:47', '2026-01-30 16:11:47', 0, NULL, NULL),
	(220, 'Linda mandala 💛', 'https://hmediaha.s3.us-west-2.amazonaws.com/imagesVideos/posts/d41d8cd98f00b204e9800998ecf8427e_jeniffercora/media_694d3590133546.38560348.jpg', '2026-01-31 17:51:33', '2026-02-05 19:30:53', '2026-02-05 19:30:53', 1, 177, 6),
	(221, 'Linda mandala !', 'https://hmediaha.s3.us-west-2.amazonaws.com/imagesVideos/posts/d41d8cd98f00b204e9800998ecf8427e_jeniffercora/media_6984efb69bbc95.85955258.jpg', '2026-02-05 16:30:01', '2026-02-10 23:15:54', '2026-02-10 23:15:54', 0, NULL, NULL),
	(222, 'teste', '', '2026-02-05 16:32:06', '2026-02-05 19:32:10', '2026-02-05 19:32:10', 0, NULL, NULL),
	(223, 'Linda mandala !', 'https://hmediaha.s3.us-west-2.amazonaws.com/imagesVideos/posts/d41d8cd98f00b204e9800998ecf8427e_jeniffercora/media_6984efb69bbc95.85955258.jpg', '2026-02-05 16:32:13', '2026-02-10 23:12:28', '2026-02-10 23:12:28', 1, 221, 6),
	(224, 'teste', '', '2026-02-10 20:04:10', '2026-02-10 23:04:12', '2026-02-10 23:04:12', 0, NULL, NULL),
	(225, 'teste', '', '2026-02-10 20:04:15', '2026-02-10 23:04:17', '2026-02-10 23:04:17', 0, NULL, NULL),
	(226, 'Esse é meu portfolio : www.hedreiandrade.com.br 💙', 'https://hmediaha.s3.us-west-2.amazonaws.com/imagesVideos/posts/d41d8cd98f00b204e9800998ecf8427e_hedreiandrade/media_697cd08bb44137.41719966.mp4', '2026-02-10 20:08:17', '2026-02-10 23:12:15', '2026-02-10 23:12:15', 1, 213, 233),
	(227, 'teste', '', '2026-02-10 20:08:37', '2026-02-10 23:08:40', '2026-02-10 23:08:40', 0, NULL, NULL),
	(228, 'Linda mandala 🖤', 'https://hmediaha.s3.us-west-2.amazonaws.com/imagesVideos/posts/d41d8cd98f00b204e9800998ecf8427e_jeniffercora/media_698bbc3d7e7050.46383409.jpg', '2026-02-10 20:16:15', '2026-02-10 20:16:15', NULL, 0, NULL, NULL),
	(229, 'teste', '', '2026-02-10 20:17:01', '2026-02-10 23:17:13', '2026-02-10 23:17:13', 0, NULL, NULL),
	(230, 'Linda mandala 🖤', 'https://hmediaha.s3.us-west-2.amazonaws.com/imagesVideos/posts/d41d8cd98f00b204e9800998ecf8427e_jeniffercora/media_698bbc3d7e7050.46383409.jpg', '2026-02-10 20:17:05', '2026-02-10 20:17:05', NULL, 1, 228, 6),
	(232, 'Esse é o meu portfolio 🖤\r\nwww.hedreiandrade.com.br', 'https://hmediaha.s3.us-west-2.amazonaws.com/imagesVideos/posts/d41d8cd98f00b204e9800998ecf8427e_hedreiandrade/media_698fd5d9cf62d4.97939550.mp4', '2026-02-13 22:56:19', '2026-02-13 22:56:19', NULL, 0, NULL, NULL),
	(233, 'Bom dia pessoal !!', '', '2026-02-13 22:59:50', '2026-02-13 22:59:50', NULL, 1, 9, 2),
	(234, 'teste', '', '2026-02-13 23:00:01', '2026-02-14 02:00:06', '2026-02-14 02:00:06', 0, NULL, NULL),
	(235, 'www.hedreiandrade.com.br', '', '2026-02-24 15:51:18', '2026-02-24 18:51:21', '2026-02-24 18:51:21', 0, NULL, NULL),
	(236, 'teste\r\n', '', '2026-02-24 16:06:17', '2026-02-24 19:06:19', '2026-02-24 19:06:19', 0, NULL, NULL),
	(237, 'teste', '', '2026-02-26 22:11:08', '2026-02-27 01:11:12', '2026-02-27 01:11:12', 0, NULL, NULL);
/*!40000 ALTER TABLE `posts` ENABLE KEYS */;

-- Copiando estrutura para tabela api-doeobem.posts_users
CREATE TABLE IF NOT EXISTS `posts_users` (
  `id` int(11) unsigned NOT NULL AUTO_INCREMENT,
  `user_id` int(11) unsigned NOT NULL,
  `post_id` int(11) unsigned NOT NULL,
  `created_at` timestamp NULL DEFAULT NULL,
  `updated_at` timestamp NULL DEFAULT NULL,
  `deleted_at` timestamp NULL DEFAULT NULL,
  PRIMARY KEY (`id`),
  KEY `user_id` (`user_id`),
  KEY `FK__posts` (`post_id`),
  CONSTRAINT `FK__posts` FOREIGN KEY (`post_id`) REFERENCES `posts` (`id`) ON DELETE NO ACTION ON UPDATE NO ACTION,
  CONSTRAINT `FK__users` FOREIGN KEY (`user_id`) REFERENCES `users` (`id`) ON DELETE NO ACTION ON UPDATE NO ACTION
) ENGINE=InnoDB AUTO_INCREMENT=238 DEFAULT CHARSET=utf8;

-- Copiando dados para a tabela api-doeobem.posts_users: ~179 rows (aproximadamente)
/*!40000 ALTER TABLE `posts_users` DISABLE KEYS */;
INSERT INTO `posts_users` (`id`, `user_id`, `post_id`, `created_at`, `updated_at`, `deleted_at`) VALUES
	(1, 233, 1, '2025-11-24 19:57:57', '2025-11-24 19:57:57', NULL),
	(2, 233, 2, '2025-11-24 20:20:59', '2025-11-24 20:20:59', NULL),
	(3, 233, 3, '2025-11-24 21:22:59', '2025-11-24 21:22:59', NULL),
	(4, 2, 4, '2025-11-24 22:54:59', '2025-11-24 22:54:59', NULL),
	(5, 2, 5, '2025-11-24 22:55:32', '2025-11-24 22:55:32', NULL),
	(6, 2, 6, '2025-11-24 23:05:49', '2025-11-24 23:05:49', NULL),
	(7, 2, 7, '2025-11-24 23:06:55', '2025-11-24 23:06:55', NULL),
	(8, 2, 8, '2025-11-24 23:07:45', '2025-11-24 23:07:45', NULL),
	(9, 2, 9, '2025-11-24 23:08:11', '2025-11-24 23:08:11', NULL),
	(10, 233, 10, '2025-11-24 23:13:37', '2025-11-24 23:13:37', NULL),
	(11, 233, 11, '2025-11-24 23:21:44', '2025-11-24 23:21:44', NULL),
	(12, 6, 12, '2025-11-24 23:36:10', '2025-11-24 23:36:10', NULL),
	(14, 233, 14, '2025-11-25 00:41:30', '2025-11-25 00:41:30', NULL),
	(15, 233, 15, '2025-11-25 00:44:46', '2025-11-25 00:44:46', NULL),
	(16, 233, 16, '2025-11-25 00:44:57', '2025-11-25 00:44:57', NULL),
	(17, 233, 17, '2025-11-25 00:45:22', '2025-11-25 00:45:22', NULL),
	(18, 233, 18, '2025-11-25 01:00:12', '2025-11-25 01:00:12', NULL),
	(19, 233, 19, '2025-11-25 01:01:19', '2025-11-25 01:01:19', NULL),
	(20, 233, 20, '2025-11-25 01:02:14', '2025-11-25 01:02:14', NULL),
	(21, 233, 21, '2025-11-25 01:06:58', '2025-11-25 01:06:58', NULL),
	(22, 233, 22, '2025-11-25 01:11:07', '2025-11-25 01:11:07', NULL),
	(23, 233, 23, '2025-11-25 01:11:43', '2025-11-25 01:11:43', NULL),
	(24, 233, 24, '2025-11-25 01:16:09', '2025-11-25 01:16:09', NULL),
	(25, 233, 25, '2025-11-25 01:18:14', '2025-11-25 01:18:14', NULL),
	(26, 233, 26, '2025-11-25 01:18:55', '2025-11-25 01:18:55', NULL),
	(27, 233, 27, '2025-11-25 01:20:55', '2025-11-25 01:20:55', NULL),
	(28, 233, 28, '2025-11-25 01:21:14', '2025-11-25 01:21:14', NULL),
	(29, 233, 29, '2025-11-25 01:24:03', '2025-11-25 01:24:03', NULL),
	(30, 233, 30, '2025-11-25 01:24:28', '2025-11-25 01:24:28', NULL),
	(31, 233, 31, '2025-11-25 01:25:16', '2025-11-25 01:25:16', NULL),
	(32, 233, 32, '2025-11-25 01:30:41', '2025-11-25 01:30:41', NULL),
	(33, 233, 33, '2025-11-25 01:31:29', '2025-11-25 01:31:29', NULL),
	(34, 233, 34, '2025-11-25 01:31:39', '2025-11-25 01:31:39', NULL),
	(35, 233, 35, '2025-11-25 01:31:56', '2025-11-25 01:31:56', NULL),
	(36, 233, 36, '2025-11-25 01:47:50', '2025-11-25 01:47:50', NULL),
	(37, 233, 37, '2025-11-25 01:47:54', '2025-11-25 01:47:54', NULL),
	(38, 233, 38, '2025-11-25 01:48:16', '2025-11-25 01:48:16', NULL),
	(39, 233, 39, '2025-11-25 01:54:35', '2025-11-25 01:54:35', NULL),
	(40, 233, 40, '2025-11-25 01:54:55', '2025-11-25 01:54:55', NULL),
	(41, 233, 41, '2025-11-25 01:55:39', '2025-11-25 01:55:39', NULL),
	(42, 233, 42, '2025-11-25 01:55:59', '2025-11-25 01:55:59', NULL),
	(43, 233, 43, '2025-11-25 01:56:28', '2025-11-25 01:56:28', NULL),
	(44, 233, 44, '2025-11-25 01:56:42', '2025-11-25 01:56:42', NULL),
	(45, 233, 45, '2025-11-25 01:56:52', '2025-11-25 01:56:52', NULL),
	(46, 233, 46, '2025-11-25 01:57:18', '2025-11-25 01:57:18', NULL),
	(47, 233, 47, '2025-11-25 01:58:56', '2025-11-25 01:58:56', NULL),
	(48, 233, 48, '2025-12-01 01:06:38', '2025-12-01 01:06:38', NULL),
	(49, 233, 49, '2025-12-01 01:06:50', '2025-12-01 01:06:50', NULL),
	(50, 233, 50, '2025-12-01 01:21:32', '2025-12-01 01:21:32', NULL),
	(51, 233, 51, '2025-12-01 01:21:42', '2025-12-01 01:21:42', NULL),
	(54, 233, 54, '2025-12-02 01:33:41', '2025-12-02 01:33:41', NULL),
	(55, 233, 55, '2025-12-02 02:06:54', '2025-12-02 02:06:54', NULL),
	(56, 233, 56, '2025-12-02 02:07:04', '2025-12-02 02:07:04', NULL),
	(57, 233, 57, '2025-12-02 20:26:03', '2025-12-02 20:26:03', NULL),
	(58, 233, 58, '2025-12-02 23:29:27', '2025-12-02 23:29:27', NULL),
	(59, 233, 59, '2025-12-02 20:34:16', '2025-12-02 20:34:16', NULL),
	(60, 233, 60, '2025-12-02 20:35:29', '2025-12-02 20:35:29', NULL),
	(92, 233, 92, '2025-12-08 01:05:41', '2025-12-08 01:05:41', NULL),
	(93, 233, 93, '2025-12-08 01:16:55', '2025-12-08 01:16:55', NULL),
	(97, 233, 97, '2025-12-09 05:14:16', '2025-12-09 05:14:16', NULL),
	(98, 233, 98, '2025-12-09 05:43:09', '2025-12-09 05:43:09', NULL),
	(99, 233, 99, '2025-12-09 05:43:28', '2025-12-09 05:43:28', NULL),
	(100, 233, 100, '2025-12-09 05:45:25', '2025-12-09 05:45:25', NULL),
	(101, 233, 101, '2025-12-09 05:45:35', '2025-12-09 05:45:35', NULL),
	(102, 233, 102, '2025-12-09 05:45:41', '2025-12-09 05:45:41', NULL),
	(103, 233, 103, '2025-12-09 05:45:54', '2025-12-09 05:45:54', NULL),
	(104, 233, 104, '2025-12-09 05:46:30', '2025-12-09 05:46:30', NULL),
	(105, 233, 105, '2025-12-09 05:48:12', '2025-12-09 05:48:12', NULL),
	(106, 233, 106, '2025-12-09 05:48:25', '2025-12-09 05:48:25', NULL),
	(107, 233, 107, '2025-12-09 05:48:55', '2025-12-09 05:48:55', NULL),
	(108, 233, 108, '2025-12-09 05:50:24', '2025-12-09 05:50:24', NULL),
	(109, 6, 109, '2025-12-09 06:17:52', '2025-12-09 06:17:52', NULL),
	(110, 6, 110, '2025-12-09 06:20:03', '2025-12-09 06:20:03', NULL),
	(111, 2, 111, '2025-12-09 06:22:47', '2025-12-09 06:22:47', NULL),
	(112, 233, 112, '2025-12-09 06:23:49', '2025-12-09 06:23:49', NULL),
	(113, 233, 113, '2025-12-09 06:24:21', '2025-12-09 06:24:21', NULL),
	(114, 233, 114, '2025-12-09 06:28:53', '2025-12-09 06:28:53', NULL),
	(115, 6, 115, '2025-12-09 07:54:37', '2025-12-09 07:54:37', NULL),
	(117, 233, 117, '2025-12-09 08:18:10', '2025-12-09 08:18:10', NULL),
	(120, 233, 120, '2025-12-09 08:25:46', '2025-12-09 08:25:46', NULL),
	(121, 233, 121, '2025-12-09 08:25:53', '2025-12-09 08:25:53', NULL),
	(122, 6, 122, '2025-12-09 08:31:47', '2025-12-09 08:31:47', NULL),
	(123, 233, 123, '2025-12-09 08:32:15', '2025-12-09 08:32:15', NULL),
	(124, 233, 124, '2025-12-16 19:40:02', '2025-12-16 19:40:02', NULL),
	(125, 233, 125, '2025-12-16 19:41:56', '2025-12-16 19:41:56', NULL),
	(126, 233, 126, '2025-12-16 19:44:37', '2025-12-16 19:44:37', NULL),
	(127, 233, 127, '2025-12-16 19:45:57', '2025-12-16 19:45:57', NULL),
	(128, 233, 128, '2025-12-16 19:46:11', '2025-12-16 19:46:11', NULL),
	(129, 233, 129, '2025-12-16 19:48:56', '2025-12-16 19:48:56', NULL),
	(130, 233, 130, '2025-12-16 19:58:26', '2025-12-16 19:58:26', NULL),
	(131, 233, 131, '2025-12-16 19:58:57', '2025-12-16 19:58:57', NULL),
	(132, 233, 132, '2025-12-16 19:59:36', '2025-12-16 19:59:36', NULL),
	(133, 233, 133, '2025-12-16 19:59:43', '2025-12-16 19:59:43', NULL),
	(134, 233, 134, '2025-12-16 20:04:53', '2025-12-16 20:04:53', NULL),
	(135, 233, 135, '2025-12-16 20:09:07', '2025-12-16 20:09:07', NULL),
	(136, 7, 136, '2025-12-16 20:09:42', '2025-12-16 20:09:42', NULL),
	(137, 7, 137, '2025-12-16 20:10:01', '2025-12-16 20:10:01', NULL),
	(138, 233, 138, '2025-12-16 20:11:23', '2025-12-16 20:11:23', NULL),
	(139, 233, 139, '2025-12-16 20:19:18', '2025-12-16 20:19:18', NULL),
	(140, 233, 140, '2025-12-16 20:19:30', '2025-12-16 20:19:30', NULL),
	(141, 6, 141, '2025-12-16 20:22:51', '2025-12-16 20:22:51', NULL),
	(142, 233, 142, '2025-12-16 20:26:48', '2025-12-16 20:26:48', NULL),
	(143, 233, 143, '2025-12-16 20:28:19', '2025-12-16 20:28:19', NULL),
	(144, 233, 144, '2025-12-16 20:28:32', '2025-12-16 20:28:32', NULL),
	(145, 233, 145, '2025-12-16 20:28:46', '2025-12-16 20:28:46', NULL),
	(146, 233, 146, '2025-12-24 18:20:13', '2025-12-24 18:20:13', NULL),
	(147, 233, 147, '2025-12-24 18:21:02', '2025-12-24 18:21:02', NULL),
	(148, 233, 148, '2025-12-24 18:21:45', '2025-12-24 18:21:45', NULL),
	(149, 233, 149, '2025-12-24 18:22:09', '2025-12-24 18:22:09', NULL),
	(150, 233, 150, '2025-12-24 18:24:08', '2025-12-24 18:24:08', NULL),
	(151, 233, 151, '2025-12-24 18:26:28', '2025-12-24 18:26:28', NULL),
	(152, 233, 152, '2025-12-24 19:04:28', '2025-12-24 19:04:28', NULL),
	(153, 233, 153, '2025-12-24 19:05:14', '2025-12-24 19:05:14', NULL),
	(154, 233, 154, '2025-12-24 19:31:12', '2025-12-24 19:31:12', NULL),
	(155, 2, 155, '2025-12-24 19:43:49', '2025-12-24 19:43:49', NULL),
	(156, 233, 156, '2025-12-24 19:44:27', '2025-12-24 19:44:27', NULL),
	(157, 233, 157, '2025-12-24 19:46:31', '2025-12-24 19:46:31', NULL),
	(158, 233, 158, '2025-12-25 09:33:19', '2025-12-25 09:33:19', NULL),
	(159, 233, 159, '2025-12-25 09:35:35', '2025-12-25 09:35:35', NULL),
	(160, 233, 160, '2025-12-25 09:40:44', '2025-12-25 09:40:44', NULL),
	(161, 233, 161, '2025-12-25 09:40:53', '2025-12-25 09:40:53', NULL),
	(162, 233, 162, '2025-12-25 09:43:29', '2025-12-25 09:43:29', NULL),
	(163, 233, 163, '2025-12-25 09:43:33', '2025-12-25 09:43:33', NULL),
	(164, 233, 164, '2025-12-25 09:43:39', '2025-12-25 09:43:39', NULL),
	(165, 233, 165, '2025-12-25 09:43:49', '2025-12-25 09:43:49', NULL),
	(166, 233, 166, '2025-12-25 09:46:28', '2025-12-25 09:46:28', NULL),
	(167, 233, 167, '2025-12-25 09:46:37', '2025-12-25 09:46:37', NULL),
	(168, 233, 168, '2025-12-25 09:46:56', '2025-12-25 09:46:56', NULL),
	(169, 233, 169, '2025-12-25 09:47:02', '2025-12-25 09:47:02', NULL),
	(170, 233, 170, '2025-12-25 09:50:21', '2025-12-25 09:50:21', NULL),
	(171, 233, 171, '2025-12-25 09:50:32', '2025-12-25 09:50:32', NULL),
	(172, 233, 172, '2025-12-25 09:50:38', '2025-12-25 09:50:38', NULL),
	(173, 233, 173, '2025-12-25 09:50:56', '2025-12-25 09:50:56', NULL),
	(174, 6, 174, '2025-12-25 09:53:09', '2025-12-25 09:53:09', NULL),
	(175, 233, 175, '2025-12-25 09:53:40', '2025-12-25 09:53:40', NULL),
	(176, 233, 176, '2025-12-25 09:58:02', '2025-12-25 09:58:02', NULL),
	(177, 6, 177, '2025-12-25 10:01:05', '2025-12-25 10:01:05', NULL),
	(178, 233, 178, '2025-12-25 10:01:44', '2025-12-25 10:01:44', NULL),
	(179, 233, 179, '2025-12-25 10:01:59', '2025-12-25 10:01:59', NULL),
	(180, 2, 180, '2025-12-27 10:26:55', '2025-12-27 10:26:55', NULL),
	(181, 233, 181, '2026-01-16 15:54:44', '2026-01-16 15:54:44', NULL),
	(182, 233, 182, '2026-01-16 15:57:09', '2026-01-16 15:57:09', NULL),
	(183, 233, 183, '2026-01-16 15:57:31', '2026-01-16 15:57:31', NULL),
	(184, 2, 184, '2026-01-16 16:02:31', '2026-01-16 16:02:31', NULL),
	(185, 2, 185, '2026-01-16 16:04:26', '2026-01-16 16:04:26', NULL),
	(186, 233, 186, '2026-01-16 16:10:14', '2026-01-16 16:10:14', NULL),
	(187, 233, 187, '2026-01-19 20:29:45', '2026-01-19 20:29:45', NULL),
	(188, 233, 188, '2026-01-19 20:31:31', '2026-01-19 20:31:31', NULL),
	(189, 233, 189, '2026-01-19 20:31:41', '2026-01-19 20:31:41', NULL),
	(190, 233, 190, '2026-01-19 20:33:23', '2026-01-19 20:33:23', NULL),
	(191, 233, 191, '2026-01-19 20:33:31', '2026-01-19 20:33:31', NULL),
	(193, 233, 193, '2026-01-20 17:30:40', '2026-01-20 17:30:40', NULL),
	(194, 233, 194, '2026-01-21 04:30:50', '2026-01-21 04:30:50', NULL),
	(195, 2, 195, '2026-01-21 04:33:08', '2026-01-21 04:33:08', NULL),
	(196, 233, 196, '2026-01-21 04:33:58', '2026-01-21 04:33:58', NULL),
	(197, 233, 197, '2026-01-21 04:34:18', '2026-01-21 04:34:18', NULL),
	(198, 2, 198, '2026-01-24 19:11:45', '2026-01-24 19:11:45', NULL),
	(199, 233, 199, '2026-01-24 19:11:55', '2026-01-24 19:11:55', NULL),
	(200, 2, 200, '2026-01-24 19:25:03', '2026-01-24 19:25:03', NULL),
	(201, 233, 201, '2026-01-24 19:25:12', '2026-01-24 19:25:12', NULL),
	(202, 233, 202, '2026-01-24 19:33:40', '2026-01-24 19:33:40', NULL),
	(203, 2, 203, '2026-01-24 19:33:49', '2026-01-24 19:33:49', NULL),
	(204, 233, 204, '2026-01-30 12:21:04', '2026-01-30 12:21:04', NULL),
	(205, 233, 205, '2026-01-30 12:30:45', '2026-01-30 12:30:45', NULL),
	(206, 233, 206, '2026-01-30 12:30:56', '2026-01-30 12:30:56', NULL),
	(207, 233, 207, '2026-01-30 12:31:09', '2026-01-30 12:31:09', NULL),
	(208, 233, 208, '2026-01-30 12:31:16', '2026-01-30 12:31:16', NULL),
	(209, 233, 209, '2026-01-30 12:31:32', '2026-01-30 12:31:32', NULL),
	(210, 233, 210, '2026-01-30 12:33:59', '2026-01-30 12:33:59', NULL),
	(211, 233, 211, '2026-01-30 12:34:43', '2026-01-30 12:34:43', NULL),
	(212, 233, 212, '2026-01-30 12:37:48', '2026-01-30 12:37:48', NULL),
	(213, 233, 213, '2026-01-30 12:39:01', '2026-01-30 12:39:01', NULL),
	(214, 233, 214, '2026-01-30 12:41:00', '2026-01-30 12:41:00', NULL),
	(215, 233, 215, '2026-01-30 13:04:20', '2026-01-30 13:04:20', NULL),
	(216, 233, 216, '2026-01-30 13:05:32', '2026-01-30 13:05:32', NULL),
	(217, 233, 217, '2026-01-30 13:09:03', '2026-01-30 13:09:03', NULL),
	(218, 233, 218, '2026-01-30 13:11:27', '2026-01-30 13:11:27', NULL),
	(219, 233, 219, '2026-01-30 13:11:40', '2026-01-30 13:11:40', NULL),
	(220, 233, 220, '2026-01-31 17:51:33', '2026-01-31 17:51:33', NULL),
	(221, 6, 221, '2026-02-05 16:30:01', '2026-02-05 16:30:01', NULL),
	(222, 233, 222, '2026-02-05 16:32:06', '2026-02-05 16:32:06', NULL),
	(223, 233, 223, '2026-02-05 16:32:13', '2026-02-05 16:32:13', NULL),
	(224, 233, 224, '2026-02-10 20:04:10', '2026-02-10 20:04:10', NULL),
	(225, 233, 225, '2026-02-10 20:04:15', '2026-02-10 20:04:15', NULL),
	(226, 233, 226, '2026-02-10 20:08:17', '2026-02-10 20:08:17', NULL),
	(227, 233, 227, '2026-02-10 20:08:37', '2026-02-10 20:08:37', NULL),
	(228, 6, 228, '2026-02-10 20:16:15', '2026-02-10 20:16:15', NULL),
	(229, 233, 229, '2026-02-10 20:17:01', '2026-02-10 20:17:01', NULL),
	(230, 233, 230, '2026-02-10 20:17:05', '2026-02-10 20:17:05', NULL),
	(232, 233, 232, '2026-02-13 22:56:19', '2026-02-13 22:56:19', NULL),
	(233, 233, 233, '2026-02-13 22:59:50', '2026-02-13 22:59:50', NULL),
	(234, 233, 234, '2026-02-13 23:00:01', '2026-02-13 23:00:01', NULL),
	(235, 233, 235, '2026-02-24 15:51:18', '2026-02-24 15:51:18', NULL),
	(236, 233, 236, '2026-02-24 16:06:17', '2026-02-24 16:06:17', NULL),
	(237, 233, 237, '2026-02-26 22:11:09', '2026-02-26 22:11:09', NULL);
/*!40000 ALTER TABLE `posts_users` ENABLE KEYS */;

-- Copiando estrutura para tabela api-doeobem.users
CREATE TABLE IF NOT EXISTS `users` (
  `id` int(11) unsigned NOT NULL AUTO_INCREMENT,
  `name` varchar(200) COLLATE utf8_bin DEFAULT NULL,
  `nickname` varchar(40) COLLATE utf8_bin DEFAULT NULL,
  `phone1` varchar(30) COLLATE utf8_bin DEFAULT NULL,
  `has_whatsapp` tinyint(1) DEFAULT '0',
  `phone2` varchar(30) COLLATE utf8_bin DEFAULT NULL,
  `email` varchar(250) COLLATE utf8_bin DEFAULT NULL,
  `password` varchar(200) COLLATE utf8_bin NOT NULL,
  `postal_code` varchar(20) COLLATE utf8_bin DEFAULT NULL,
  `address` varchar(500) COLLATE utf8_bin DEFAULT NULL,
  `number` varchar(30) COLLATE utf8_bin DEFAULT NULL,
  `complement` varchar(30) COLLATE utf8_bin DEFAULT NULL,
  `neighborhood` varchar(90) COLLATE utf8_bin DEFAULT NULL,
  `city` varchar(90) COLLATE utf8_bin DEFAULT NULL,
  `state` char(90) COLLATE utf8_bin DEFAULT NULL,
  `country` char(90) COLLATE utf8_bin DEFAULT NULL,
  `country_code` varchar(50) COLLATE utf8_bin DEFAULT NULL,
  `state_code` varchar(50) COLLATE utf8_bin DEFAULT NULL,
  `recovery_key` char(32) COLLATE utf8_bin DEFAULT NULL,
  `first_access` datetime DEFAULT NULL,
  `last_access` datetime DEFAULT NULL,
  `bio` varchar(100) COLLATE utf8_bin DEFAULT NULL,
  `website` varchar(100) COLLATE utf8_bin DEFAULT NULL,
  `access_count` int(4) unsigned DEFAULT NULL,
  `receive_newsletter` tinyint(1) DEFAULT '0',
  `active` tinyint(1) DEFAULT '1',
  `created_at` timestamp NULL DEFAULT NULL,
  `updated_at` timestamp NULL DEFAULT NULL,
  `deleted_at` timestamp NULL DEFAULT NULL,
  `birth_date` timestamp NULL DEFAULT NULL,
  `userscol` varchar(45) COLLATE utf8_bin DEFAULT NULL,
  `photo` varchar(800) COLLATE utf8_bin DEFAULT NULL,
  `cover_photo` varchar(800) COLLATE utf8_bin DEFAULT NULL,
  `google_id` varchar(255) COLLATE utf8_bin DEFAULT NULL,
  `facebook_id` varchar(255) COLLATE utf8_bin DEFAULT NULL,
  `auth_provider` enum('local','google','facebook') COLLATE utf8_bin DEFAULT 'local',
  `email_verified` tinyint(1) DEFAULT '0',
  `verified_profile` tinyint(1) DEFAULT '0',
  PRIMARY KEY (`id`),
  UNIQUE KEY `email_UNIQUE` (`email`),
  UNIQUE KEY `facebook_id` (`facebook_id`)
) ENGINE=InnoDB AUTO_INCREMENT=234 DEFAULT CHARSET=utf8 COLLATE=utf8_bin;

-- Copiando dados para a tabela api-doeobem.users: ~13 rows (aproximadamente)
/*!40000 ALTER TABLE `users` DISABLE KEYS */;
INSERT INTO `users` (`id`, `name`, `nickname`, `phone1`, `has_whatsapp`, `phone2`, `email`, `password`, `postal_code`, `address`, `number`, `complement`, `neighborhood`, `city`, `state`, `country`, `country_code`, `state_code`, `recovery_key`, `first_access`, `last_access`, `bio`, `website`, `access_count`, `receive_newsletter`, `active`, `created_at`, `updated_at`, `deleted_at`, `birth_date`, `userscol`, `photo`, `cover_photo`, `google_id`, `facebook_id`, `auth_provider`, `email_verified`, `verified_profile`) VALUES
	(2, 'Calebe', NULL, NULL, 0, NULL, 'calebe@gmail.com', '$2y$10$wzXeGinsU4P8sFxlkCsTquuJECsznHia6cD6Q4//fDktLhvTqXD1m', '13392-350', 'teste', '394', NULL, NULL, 'Álvares Florence', 'São Paulo', 'Brasil', NULL, NULL, NULL, '2025-11-24 13:26:09', '2025-11-24 22:57:27', NULL, NULL, 2, 0, 1, '2025-11-24 13:26:09', '2026-02-13 00:33:10', NULL, '1997-09-11 00:00:00', NULL, 'https://hmediaha.s3.us-west-2.amazonaws.com/images/profile/1be21001e4647d409c73c9e2bb350bf1_calebe/1993258390eu4bm.jpg', 'https://hmediaha.s3.us-west-2.amazonaws.com/images/cover/d41d8cd98f00b204e9800998ecf8427e_calebe/1607179466capasound.jpg', NULL, NULL, 'local', 1, 0),
	(3, 'Iasmin Cora', NULL, NULL, 0, NULL, 'iasmin@gmail.com', '$2y$10$RLe8jkyB73i5KNYnFRiR5efclCwowVvD1KaQwCDTJqYfRrsayIVx6', '13521-584', 'teste', '395', NULL, NULL, 'Buffalo', 'New York', 'Estados Unidos', NULL, NULL, NULL, '2025-11-24 13:26:09', '2025-11-24 22:57:27', NULL, NULL, 2, 0, 1, '2025-11-24 13:26:09', '2026-02-13 00:34:56', NULL, '1991-07-05 00:00:00', NULL, 'https://hmediaha.s3.us-west-2.amazonaws.com/images/profile/0a0c603e8b59008a552c108a80dffd53_iasmincora/1251455249clouds.jpg', '', NULL, NULL, 'local', 1, 0),
	(4, 'Marcos Bastista', NULL, NULL, 0, NULL, 'marcos@gmail.com', '$2y$10$RLe8jkyB73i5KNYnFRiR5efclCwowVvD1KaQwCDTJqYfRrsayIVx6', NULL, NULL, NULL, NULL, NULL, NULL, NULL, NULL, NULL, NULL, NULL, '2025-11-24 13:26:09', '2025-11-24 22:57:27', NULL, NULL, 2, 0, 1, '2025-11-24 13:26:09', '2025-11-25 01:51:07', NULL, NULL, NULL, '', '', NULL, NULL, 'local', 1, 0),
	(5, 'Andre ', NULL, NULL, 0, NULL, 'andre@gmail.com', '$2y$10$wzXeGinsU4P8sFxlkCsTquuJECsznHia6cD6Q4//fDktLhvTqXD1m', '97021751', 'teste', '400', NULL, NULL, 'Campinas', 'São Paulo', 'Brasil', NULL, NULL, NULL, '2025-11-24 13:26:09', '2025-11-24 22:57:27', NULL, NULL, 2, 0, 1, '2025-11-24 13:26:09', '2025-11-25 02:09:32', NULL, NULL, NULL, 'https://hmediaha.s3.us-west-2.amazonaws.com/images/profile/df8bcc50f015de8677e4025ecb1a369a_andre/1087917545eu3.jpg', '', NULL, NULL, 'local', 1, 0),
	(6, 'Jeniffer Cora', NULL, NULL, 0, NULL, 'admin2@user.com', '$2y$10$wzXeGinsU4P8sFxlkCsTquuJECsznHia6cD6Q4//fDktLhvTqXD1m', NULL, NULL, NULL, NULL, NULL, NULL, NULL, NULL, NULL, NULL, NULL, '2025-11-24 13:26:09', '2025-11-24 22:57:27', NULL, NULL, 2, 0, 1, '2025-11-24 13:26:09', '2025-11-25 02:35:00', NULL, NULL, NULL, 'https://hmediaha.s3.us-west-2.amazonaws.com/images/profile/f73599fffd54f314ee59a4379278c366_jeniffercora/374066667dubai.jpg', '', NULL, NULL, 'local', 1, 0),
	(7, 'Mora Dias', NULL, NULL, 0, NULL, 'mora@gmail.com', '$2y$10$wzXeGinsU4P8sFxlkCsTquuJECsznHia6cD6Q4//fDktLhvTqXD1m', NULL, NULL, NULL, NULL, NULL, NULL, NULL, NULL, NULL, NULL, NULL, '2025-11-24 13:26:09', '2025-11-24 22:57:27', NULL, NULL, 2, 0, 1, '2025-11-24 13:26:09', '2025-11-25 01:52:16', NULL, NULL, NULL, '', '', NULL, NULL, 'local', 1, 0),
	(20, 'Teste 1', NULL, NULL, 0, NULL, 'teste1@gmail.com', '$2y$10$wzXeGinsU4P8sFxlkCsTquuJECsznHia6cD6Q4//fDktLhvTqXD1m', NULL, NULL, NULL, NULL, NULL, NULL, NULL, NULL, NULL, NULL, NULL, '2025-11-24 13:26:09', '2025-11-24 22:57:27', NULL, NULL, 2, 0, 1, '2025-11-24 13:26:09', '2025-11-25 01:54:12', NULL, NULL, NULL, 'https://hmediaha.s3.us-west-2.amazonaws.com/images/profile/1be21001e4647d409c73c9e2bb350bf1_calebe/1993258390eu4bm.jpg', 'https://hmediaha.s3.us-west-2.amazonaws.com/images/cover/d41d8cd98f00b204e9800998ecf8427e_calebe/1607179466capasound.jpg', NULL, NULL, 'local', 1, 0),
	(21, 'Teste 2', NULL, NULL, 0, NULL, 'teste2@gmail.com', '$2y$10$wzXeGinsU4P8sFxlkCsTquuJECsznHia6cD6Q4//fDktLhvTqXD1m', NULL, NULL, NULL, NULL, NULL, NULL, NULL, NULL, NULL, NULL, NULL, '2025-11-24 13:26:09', '2025-11-24 22:57:27', NULL, NULL, 2, 0, 1, '2025-11-24 13:26:09', '2025-11-25 01:54:12', NULL, NULL, NULL, 'https://hmediaha.s3.us-west-2.amazonaws.com/images/profile/1be21001e4647d409c73c9e2bb350bf1_calebe/1993258390eu4bm.jpg', 'https://hmediaha.s3.us-west-2.amazonaws.com/images/cover/d41d8cd98f00b204e9800998ecf8427e_calebe/1607179466capasound.jpg', NULL, NULL, 'local', 1, 0),
	(22, 'Teste 3', NULL, NULL, 0, NULL, 'teste3@gmail.com', '$2y$10$wzXeGinsU4P8sFxlkCsTquuJECsznHia6cD6Q4//fDktLhvTqXD1m', NULL, NULL, NULL, NULL, NULL, NULL, NULL, NULL, NULL, NULL, NULL, '2025-11-24 13:26:09', '2025-11-24 22:57:27', NULL, NULL, 2, 0, 1, '2025-11-24 13:26:09', '2025-11-25 01:54:12', NULL, NULL, NULL, 'https://hmediaha.s3.us-west-2.amazonaws.com/images/profile/1be21001e4647d409c73c9e2bb350bf1_calebe/1993258390eu4bm.jpg', 'https://hmediaha.s3.us-west-2.amazonaws.com/images/cover/d41d8cd98f00b204e9800998ecf8427e_calebe/1607179466capasound.jpg', NULL, NULL, 'local', 1, 0),
	(23, 'Teste 4', NULL, NULL, 0, NULL, 'teste4@gmail.com', '$2y$10$wzXeGinsU4P8sFxlkCsTquuJECsznHia6cD6Q4//fDktLhvTqXD1m', NULL, NULL, NULL, NULL, NULL, NULL, NULL, NULL, NULL, NULL, NULL, '2025-11-24 13:26:09', '2025-11-24 22:57:27', NULL, NULL, 2, 0, 1, '2025-11-24 13:26:09', '2025-11-25 01:54:12', NULL, NULL, NULL, 'https://hmediaha.s3.us-west-2.amazonaws.com/images/profile/1be21001e4647d409c73c9e2bb350bf1_calebe/1993258390eu4bm.jpg', 'https://hmediaha.s3.us-west-2.amazonaws.com/images/cover/d41d8cd98f00b204e9800998ecf8427e_calebe/1607179466capasound.jpg', NULL, NULL, 'local', 1, 0),
	(24, 'Teste 5', NULL, NULL, 0, NULL, 'teste5@gmail.com', '$2y$10$wzXeGinsU4P8sFxlkCsTquuJECsznHia6cD6Q4//fDktLhvTqXD1m', NULL, NULL, NULL, NULL, NULL, NULL, NULL, NULL, NULL, NULL, NULL, '2025-11-24 13:26:09', '2025-11-24 22:57:27', NULL, NULL, 2, 0, 1, '2025-11-24 13:26:09', '2025-11-25 01:54:12', NULL, NULL, NULL, 'https://hmediaha.s3.us-west-2.amazonaws.com/images/profile/1be21001e4647d409c73c9e2bb350bf1_calebe/1993258390eu4bm.jpg', 'https://hmediaha.s3.us-west-2.amazonaws.com/images/cover/d41d8cd98f00b204e9800998ecf8427e_calebe/1607179466capasound.jpg', NULL, NULL, 'local', 1, 0),
	(25, 'Teste 6', NULL, NULL, 0, NULL, 'teste6@gmail.com', '$2y$10$wzXeGinsU4P8sFxlkCsTquuJECsznHia6cD6Q4//fDktLhvTqXD1m', NULL, NULL, NULL, NULL, NULL, NULL, NULL, NULL, NULL, NULL, NULL, '2025-11-24 13:26:09', '2025-11-24 22:57:27', NULL, NULL, 2, 0, 1, '2025-11-24 13:26:09', '2025-11-25 01:54:12', NULL, NULL, NULL, 'https://hmediaha.s3.us-west-2.amazonaws.com/images/profile/1be21001e4647d409c73c9e2bb350bf1_calebe/1993258390eu4bm.jpg', 'https://hmediaha.s3.us-west-2.amazonaws.com/images/cover/d41d8cd98f00b204e9800998ecf8427e_calebe/1607179466capasound.jpg', NULL, NULL, 'local', 1, 0),
	(233, 'Hedrei Andrade', NULL, NULL, 0, NULL, 'hedreiandrade@gmail.com', '$2y$10$wzXeGinsU4P8sFxlkCsTquuJECsznHia6cD6Q4//fDktLhvTqXD1m', '13051251', 'teste', '502', NULL, NULL, 'Campinas', 'São Paulo', 'Brazil', 'BR', 'SP', NULL, '2025-11-24 13:26:09', '2026-02-09 05:31:18', 'www.youtube.com/@starprojectt', 'www.hedreiandrade.com.br', 17, 0, 1, '2025-11-24 13:26:09', '2026-02-24 20:07:11', NULL, '1988-05-06 00:00:00', NULL, 'https://hmediaha.s3.us-west-2.amazonaws.com/images/profile/45ffe4526a174467d18531ced45e90df_hedreiandrade/2048186498ha.jpg', 'https://hmediaha.s3.us-west-2.amazonaws.com/images/cover/d41d8cd98f00b204e9800998ecf8427e_hedreiandrade/78722132capayoutube.jpg', NULL, NULL, 'local', 1, 0);
/*!40000 ALTER TABLE `users` ENABLE KEYS */;

/*!40101 SET SQL_MODE=IFNULL(@OLD_SQL_MODE, '') */;
/*!40014 SET FOREIGN_KEY_CHECKS=IFNULL(@OLD_FOREIGN_KEY_CHECKS, 1) */;
/*!40101 SET CHARACTER_SET_CLIENT=@OLD_CHARACTER_SET_CLIENT */;
/*!40111 SET SQL_NOTES=IFNULL(@OLD_SQL_NOTES, 1) */;
